Alpha Code,Common Name,Genus,Species
HYCA,Aaron's beard,Hypericum,calycinum
DUAB,Abrams' dudleya,Dudleya,abramsii
ERAB,Abrams' eriastrum,Eriastrum,abramsii
ADGR,Adelinia,Adelinia,grandis
DISI,African daisy,Dimorphotheca,sinuata
ASFR,African milkweed,Asclepias,fruticosa
CRVA,African prickle grass,Crypsis,vaginiflora
PUNU,Alaska alkali grass,Puccinellia,nutkaensis
MESU,Alaska melic,Melica,subulata
PIUN,Alaska piperia,Piperia,unalascensis
EUCH,Albanian spurge,Euphorbia,characias
GECO,Alderney crane's-bill,Geranium,core-core
CRAL,Alderson's rush-rose,Crocanthemum,aldersonii
MESA,Alfalfa,Medicago,sativa
LIRA,Algerian sealavender,Limonium,ramosissimum
HODE,Alkali barley,Hordeum,depressum
BOMA,Alkali bulrush,Bolboschoenus,maritimus
ZETR,Alkali centaury,Zeltnera,trichantha
FRSA,Alkali Heath,Frankenia,salina
MALE,Alkali mallow,Malvella,leprosa
SEHY,Alkali marsh ragwort,Senecio,hydrophilus
ASTE,Alkali milk vetch,Astragalus,tener
SASO,Alkali russian thistle,Salsola,soda
CRTR,Alkali weed,Cressa,truxillensis
HECL,Allen springs western flax,Hesperolinon,clevelandii
TRHY,Alsike clover,Trifolium,hybridum
HEMI,Alum root,Heuchera,micrantha
ACAM,American bird's foot trefoil,Acmispon,americanus
VEAM,American brooklime,Veronica,americana
AGAM,American century plant,Agave,americana
COSE,American dogwood,Cornus,sericea
PHLE,American mistletoe,Phoradendron,leucarpum
PHAM,American pokeweed,Phytolacca,americana
VIAM,American vetch,Vicia,americana
CHPO,Amole,Chlorogalum,pomeridianum
COJU,Andean pampas grass,Cortaderia,jubata
ERAN,Androsace monkeyflower,Erythranthe,androsacea
ERAN,Angled stem buckwheat,Eriogonum,angulosum
AGHE,Annual agoseris,Agoseris,heterophylla
POMO,Annual beard grass,Polypogon,monspeliensis
POAN,Annual blue grass,Poa,annua
AMAC,Annual burrweed,Ambrosia,acanthicarpa
DEDA,Annual hairgrass,Deschampsia,danthonioides
MEAN,Annual mercury,Mercurialis,annua
LUAN,Annual moonwort,Lunaria,annua
SAPU,Annual Sandwort,Sabulina,pusilla
URUR,Annual stinging nettle,Urtica,urens
MEIN,Annual yellow sweetclover,Melilotus,indicus
MESU,Apple mint,Mentha,suaveolens
CRAQ,Aquatic pygmy weed,Crassula,aquatica
ARTH,Arabidopsis,Arabidopsis,thaliana
BOAR,Arching rockcress,Boechera,arcuata
SAPR,Arctic pearlwort,Sagina,procumbens
PEFR,Arctic sweet coltsfoot,Petasites,frigidus
MAAR,Arcuate bushmallow,Malacothamnus,arcuatus
LUSU,Arroyo lupine,Lupinus,succulentus
SALA,Arroyo willow,Salix,lasiolepis
GAFL,Ashy silk tassel,Garrya,flavescens
DIMI,Asian ponysfoot,Dichondra,micrantha
BRAR,Australian chess,Bromus,arenarius
SELI,Australian fireweed,Senecio,linearifolius
ATSE,Australian saltbush,Atriplex,semibaccata
CYSQ,Awned cyperus,Cyperus,squarrosus
NEME,Baby blue eyes,Nemophila,menziesii
SAMI,Baby sage,Salvia,microphylla
SOSO,Baby's tears,Soleirolia,soleirolii
CECY,Bachelor's button,Centaurea,cyanus
ROGY,Baldhip rose,Rosa,gymnocarpa
IMBA,Balfour's touch me not,Impatiens,balfourii
SAGO,Barbwire russian thistle,Salsola,gobicola
ECCR,Barnyard grass,Echinochloa,crus-galli
FRCH,Beach strawberry,Fragaria,chiloensis
CRFL,Beaked cryptantha,Cryptantha,flaccida
CRVE,Beaked hawksbeard,Crepis,vesicaria
COCO,Beaked hazelnut,Corylus,cornuta
ACMO,Bear's breech,Acanthus,mollis
TRBA,Bearded clover,Trifolium,barbigerum
ELTR,Beardless wild rye,Elymus,triticoides
BEVU,Beet,Beta,vulgaris
AMLU,Bent flowered fiddleneck,Amsinckia,lunaris
AGEX,Bentgrass,Agrostis,exarata
STBE,Berg's hedgenettle,Stachys,bergii
OXPE,Bermuda buttercup,Oxalis,pes-caprae
CYDA,Bermuda grass,Cynodon,dactylon
GEBI,Bicknell's geranium,Geranium,bicknellii
ARBI,Biennial sagewort,Artemisia,biennis
CASE,Bifid sedge,Carex,serratodens
ARGL,Big berry manzanita,Arctostaphylos,glauca
ERBO,Big heron bill,Erodium,botrys
LUPA,Big pod lupine,Lupinus,pachylobus
ATLE,Big saltbush,Atriplex,lentiformis
BAMA,Big scale balsam root,Balsamorhiza,macrolepis
CUIN,Big seed alfalfa dodder,Cuscuta,indecora
ELMU,Big squirreltail grass,Elymus,multisetus
POBI,Bigelow's blue grass,Poa,bigelovii
HEBI,Bigelow's sneezeweed,Helenium,bigelovii
CEBE,Birch leaf mountain mahogany,Cercocarpus,betuloides
VICR,Bird vetch,Vicia,cracca
VEPE,Bird's eye speedwell,Veronica,persica
GITR,Bird's eyes,Gilia,tricolor
LOCO,Bird's foot trefoil,Lotus,corniculatus
AMMA,Bishop's weed,Ammi,majus
AMVI,Bisnaga,Ammi,visnaga
PREM,Bitter cherry,Prunus,emarginata
RIAM,Bitter gooseberry,Ribes,amarum
LERE,Bitter root,Lewisia,rediviva
FACO,Black bindweed,Fallopia,convolvulus
MELU,Black medick,Medicago,lupulina
BRNI,Black mustard,Brassica,nigra
SONI,Black nightshade,Solanum,nigrum
SAME,Black sage,Salvia,mellifera
ARSE,Bladderflower,Araujia,sericifera
PEAR,Bladderpod,Peritoma,arborea
CEBE,Blessed thistle,Centaurea,benedicta
ASCU,Blood flower,Asclepias,curassavica
ACMO,Blow wives,Achyrachaena,mollis
ANAZ,Blue alkanet,Anchusa,azurea
DICA,Blue dicks,Dipterostemon,capitatus
SIBE,Blue eyed grass,Sisyrinchium,bellum
FEID,Blue fescue,Festuca,idahoensis
GICA,Blue field gilia,Gilia,capitata
LYRA,Blue potatobush,Lycianthes,rantonnetii
NUTE,Blue toadflax,Nuttallanthus,texanus
ELGL,Blue wildrye,Elymus,glaucus
ANGR,Blue windflower,Anemone,grayi
SOUM,Blue witch,Solanum,umbelliferum
CETH,Blueblossom,Ceanothus,thyrsiflorus
LUTR,Blunt leaved lupine,Lupinus,truncatus
SPBO,Boccone's sand spurry,Spergularia,bocconi
LUPO,Bog lupine,Lupinus,polyphyllus
ROPA,Bog yellow cress,Rorippa,palustris
POBO,Bolander's bluegrass,Poa,bolanderi
LEBO,Bolander's linanthus,Leptosiphon,bolanderi
DIBO,Bolander's monkeyflower,Diplacus,bolanderi
ALBO,Bolander's onion,Allium,bolanderi
JUBO,Bolander's rush,Juncus,bolanderi
CABO,Bolander's sedge,Carex,bolanderi
SCBO,Bolander's skullcap,Scutellaria,bolanderi
HEBO,Bolander's sunflower,Helianthus,bolanderi
ARSI,Bonny doon manzanita,Arctostaphylos,silvicola
ERBO,Booth's sun cup,Eremothera,boothii
PATR,Boston ivy,Parthenocissus,tricuspidata
SAOF,Bouncing bet,Saponaria,officinalis
BOIN,Bowlesia,Bowlesia,incana
PLBR,Bracted allocarya,Plagiobothrys,bracteatus
VEBR,Bracted verbena,Verbena,bracteata
TRDI,Branched indian clover,Trifolium,dichotomum
PHRA,Branching phacelia,Phacelia,ramosissima
COAU,Brass buttons,Cotula,australis
SCTE,Brazilian pepper tree,Schinus,terebinthifolia
EGDE,Brazilian water weed,Egeria,densa
CABR,Brewer's calandrinia,Calandrinia,breweri
CLBR,Brewer's clarkia,Clarkia,breweri
STBR,Brewer's jewelflower,Streptanthus,breweri
PHBR,Brewer's phacelia,Phacelia,breweri
PABR,Brewer's ragwort,Packera,breweri
BOBR,Brewer's rock cress,Boechera,breweri
CRHI,Bristly cryptantha,Cryptantha,hispidissima
STGL,Bristly jewelflower,Streptanthus,glandulosus
HEEC,Bristly ox-tongue,Helminthotheca,echioides
URPI,Bristly tail seed,Urospermum,picroides
ARCR,Brittle leaf manzanita,Arctostaphylos,crustacea
ATDE,Brittlescale,Atriplex,depressa
SALA,Broad leaf arrowhead,Sagittaria,latifolia
LULA,Broad leaf lupine,Lupinus,latifolius
HOCR,Broad leaved lotus,Hosackia,crassifolia
NACO,Broad leaved navarretia,Navarretia,cotulifolia
SPEU,Broadfruit bur reed,Sparganium,eurycarpum
TYLA,Broadleaf cattail,Typha,latifolia
RUOB,Broadleaf dock,Rumex,obtusifolius
FEBR,Brome fescue,Festuca,bromoides
PAMI,Broom corn millet,Panicum,miliaceum
CYNI,Brown cyperus,Cyperus,niger
COGL,Brown dogwood,Cornus,glabrata
JUPH,Brown headed rush,Juncus,phaeocephalus
CASU,Brown sedge,Carex,subfusca
CECU,Buck brush,Ceanothus,cuneatus
SORO,Buffalo berry,Solanum,rostratum
POBU,Bulbous blue grass,Poa,bulbosa
TRFU,Bull clover,Trifolium,fucatum
MANI,Bull mallow,Malva,nicaeensis
CIVU,Bullthistle,Cirsium,vulgare
ANCA,Bur chervil,Anthriscus,caucalis
BILA,Bur marigold,Bidens,laevis
ECBE,Burhead,Echinodorus,berteroi
CAOC,Bush morning glory,Calystegia,occidentalis
DERI,Bush poppy,Dendromecon,rigida
TRER,Butter 'n' eggs,Triphysaria,eriantha
LULU,Butter lupine,Lupinus,luteolus
RAMU,Buttercup,Ranunculus,muricatus
BUDA,Butterfly bush,Buddleja,davidii
CAVE,Butterfly mariposa lily,Calochortus,venustus
SEAR,Butterweed,Senecio,aronicoides
BROL,Cabbage,Brassica,oleracea
CAME,Calandrinia,Calandrinia,menziesii
LAHI,Caley pea,Lathyrus,hirsutus
PUSI,California alkaligrass,Puccinellia,simplex
AMCA,California amaranth,Amaranthus,californicus
GACA,California bedstraw,Galium,californicum
SCCA,California bee plant,Scrophularia,californica
RUUR,California blackberry,Rubus,ursinus
BRCA,California brickellia,Brickellia,californica
BRSI,California brome,Bromus,sitchensis
ERFA,California buckwheat,Eriogonum,fasciculatum
SCCA,California bulrush,Schoenoplectus,californicus
MEPO,California burclover,Medicago,polymorpha
RACA,California chicory,Rafinesquia,californica
FRCA,California coffeeberry,Frangula,californica
LOFI,California cottonrose,Logfia,filaginoides
RUCA,California dock,Rumex,californicus
CUCA,California dodder,Cuscuta,californica
FECA,California fescue,Festuca,californica
FRCA,California fremontia,Fremontodendron,californicum
EPCA,California fuchsia,Epilobium,canum
GIAC,California gilia,Gilia,achilleifolia
VIPE,California golden violet,Viola,pedunculata
THCA,California goldenbanner,Thermopsis,californica
RICA,California gooseberry,Ribes,californicum
CHCA,California goosefoot,Chenopodium,californicum
KOST,California ground-cone,Kopsiopsis,strobilacea
SEAP,California groundsel,Senecio,aphanactis
ASPR,California harebell,Asyneuma,prenanthoides
HECA,California helianthella,Helianthella,californica
HOMA,California hemp,Hoita,macrostachya
HOCA,California horkelia,Horkelia,californica
JUCA,California juniper,Juniperus,californica
MAFA,California man-root,Marah,fabacea
MECA,California melic,Melica,californica
ASCA,California milkweed,Asclepias,californica
RHCA,California Milkwort,Rhinotropis,californica
ARDO,California mugwort,Artemisia,douglasiana
CALA,California mustard,Caulanthus,lasiophyllus
DACA,California oatgrass,Danthonia,californica
APCA,California orobanche,Aphyllon,californicum
ARCA,California pipevine,Aristolochia,californica
PLER,California plantain,Plantago,erecta
ESCA,California poppy,Eschscholzia,californica
ANEL,California rockjasmine,Androsace,elongata
SACA,California Sandwort,Sabulina,californica
SUCA,California seablite,Suaeda,californica
ACCA,California sheepburr,Acaena,californica
STRE,California snowdrop bush,Styrax,redivivus
ARCA,California spikenard,Aralia,californica
HECA,California sunflower,Helianthus,californicus
OSBR,California sweet cicely,Osmorhiza,brachypoda
ANOC,California sweet grass,Anthoxanthum,occidentale
CIOC,California thistle,Cirsium,occidentale
LIPA,California tiger lily,Lilium,pardalinum
LAJE,California tule pea,Lathyrus,jepsonii
ELCA,California waterwort,Elatine,californica
MOCA,California wax myrtle,Morella,californica
VICA,California wild grape,Vitis,californica
ROCA,California wild rose,Rosa,californica
EPFO,California willowherb,Epilobium,foliosum
PECA,California yampah,Perideridia,californica
NAHE,Calistoga navarretia,Navarretia,heterodoxa
ZAAE,Callalily,Zantedeschia,aethiopica
COTI,Calliopsis,Coreopsis,tinctoria
POCO,Canada blue grass,Poa,compressa
ERCA,Canada horseweed,Erigeron,canadensis
CIAR,Canada thistle,Cirsium,arvense
NUCA,Canada toadflax,Nuttallanthus,canadensis
LIPE,Canarian sea lavender,Limonium,perezii
GECA,Canary island broom,Genista,canariensis
PHCA,Canarygrass,Phalaris,californica
CLSI,Candy flower,Claytonia,sibirica
CUSU,Canyon dodder,Cuscuta,subinclusa
RIME,Canyon gooseberry,Ribes,menziesii
DENU,Canyon larkspur,Delphinium,nudicaule
LULA,Canyon lupine,Lupinus,latifolius
NEHE,Canyon nemophila,Nemophila,heterophylla
DEOD,Cape ivy,Delairea,odorata
PLAU,Cape leadwort,Plumbago,auriculata
LOCA,Caraway leaved lomatium,Lomatium,caruifolium
SILA,Cardinal catchfly,Silene,laciniata
ERCA,Cardinal monkey flower,Erythranthe,cardinalis
CYCA,Cardoon,Cynara,cardunculus
MOCA,Carolina bristle mallow,Modiola,caroliniana
PHCA,Carolina canarygrass,Phalaris,caroliniana
GECA,Carolina geranium,Geranium,carolinianum
ALCR,Cascade onion,Allium,cratericola
FRPU,Cascara sagrada,Frangula,purshiana
RICO,Castor bean,Ricinus,communis
PHCI,Caterpillar phacelia,Phacelia,cicutaria
TYDO,Cattail,Typha,domingensis
LIAP,Celery leaved lovage,Ligusticum,apiifolium
LOCA,Celery weed,Lomatium,californicum
APGR,Celery,Apium,graveolens
LYMI,Chaffweed,Lysimachia,minima
VECA,Chain speedwell,Veronica,catenata
SCAM,Chairmaker's bulrush,Schoenoplectus,americanus
ADFA,Chamise,Adenostoma,fasciculatum
APTU,Chaparral broomrape,Aphyllon,tuberosum
ERDA,Chaparral buckwheat,Eriogonum,dasyanthemum
MAFA,Chaparral bushmallow,Malacothamnus,fasciculatus
RIMA,Chaparral currant,Ribes,malvaceum
CLAF,Chaparral fairyfan,Clarkia,affinis
CAEX,Chaparral harebell,Campanula,exigua
RAEX,chaparral harebell,Ravenella,exigua
LOIN,Chaparral honeysuckle,Lonicera,interrupta
PIMO,Chaparral pea,Pickeringia,montana
CELE,Chaparral whitethorn,Ceanothus,leucodermis
SIAR,Charlock,Sinapis,arvensis
ZEVE,Charming centaury,Zeltnera,venusta
CHBI,Chasmanthe,Chasmanthe,bicolor
FRAF,Checker lily,Fritillaria,affinis
SICA,Checker mallow,Sidalcea,calycosa
MAPA,Cheeseweed,Malva,parviflora
SACO,Chia sage,Salvia,columbariae
LUMI,Chick lupine,Lupinus,microcarpus
STME,Chickweed,Stellaria,media
CIIN,Chicory,Cichorium,intybus
POAU,Chilean beard grass,Polypogon,australis
BRCA,Chilean brome,Bromus,catharticus
BRBE,Chilean chess,Bromus,berteroanus
ACWR,Chilean trefoil,Acmispon,wrangelianus
COHE,Chinese houses,Collinsia,heterophylla
HECU,Chinese parsley,Heliotropium,curassavicum
LISI,Chinese privet,Ligustrum,sinense
DAFE,Chinese thornapple,Datura,ferox
EUCR,Chinesecaps,Euphorbia,crenulata
PRVI,Chokecherry,Prunus,virginiana
COSA,Cilantro,Coriandrum,sativum
ERCI,Cithara buckwheat,Eriogonum,cithariforme
ERAR,Clay loving buckwheat,Eriogonum,argillosum
CAAR,Clay mariposa,Calochortus,argillosus
GAAP,Cleavers,Galium,aparine
EPCL,Cleistogamous boisduvalia,Epilobium,cleistogamum
MACL,Cleveland's malacothrix,Malacothrix,clevelandii
PRCL,Cleveland's shooting star,Primula,clevelandii
CHCL,Cleveland's spineflower,Chorizanthe,clevelandii
ERPE,Cliff fleabane,Erigeron,petrophilus
GANU,Climbing bedstraw,Galium,nuttallii
APFA,Clustered broomrape,Aphyllon,fasciculatum
TRGL,Clustered clover,Trifolium,glomeratum
CYFA,Clustered lady's slipper,Cypripedium,fasciculatum
JUBU,Clustered toad rush,Juncus,bufonius
PLUN,Coast allocarya,Plagiobothrys,undulatus
ERLA,Coast buckwheat,Eriogonum,latifolium
AGAP,Coast dandelion,Agoseris,apargioides
FEEL,Coast fescue,Festuca,elmeri
IRLO,Coast iris,Iris,longipetala
DECA,Coast larkspur,Delphinium,californicum
MAOR,Coast man-root,Marah,oregana
MIBI,Coast microseris,Microseris,bigelovii
JUHE,Coast or bog rush,Juncus,hesperius
MEIM,Coast range melic,Melica,imperfecta
SERA,Coast range stonecrop,Sedum,radiatum
HEDI,Coast range western flax,Hesperolinon,disjunctum
ARBL,Coast rock cress,Arabis,blepharophylla
SALA,Coast sanicle,Sanicula,laciniata
GAEL,Coast silk tassel,Garrya,elliptica
LOIN,Coast twinberry,Lonicera,involucrata
CEIN,Coast whitethorn,Ceanothus,incanus
SEMI,Coastal burnweed,Senecio,minimus
LUAR,Coastal bush lupine,Lupinus,arboreus
CRCL,Coastal cryptantha,Cryptantha,clevelandii
LAMI,Coastal goldfields,Lasthenia,minor
ERCI,Coastal heron's bill,Erodium,cicutarium
ACMA,Coastal lotus,Acmispon,maritimus
PLEL,Coastal plantain,Plantago,elongata
ARCA,Coastal sage brush,Artemisia,californica
DECO,Coastal tarweed,Deinandra,corymbosa
SAHO,Coastal willow,Salix,hookeriana
CIOC,Cobweb thistle,Cirsium,occidentale
STAL,Cobwebby hedge nettle,Stachys,albens
XAST,Cocklebur,Xanthium,strumarium
AGCA,Colonial bentgrass,Agrostis,capillaris
AQFO,Columbine,Aquilegia,formosa
HOVU,Common barley,Hordeum,vulgare
JUEF,Common bog rush,Juncus,effusus
BOOF,Common borage,Borago,officinalis
BRVU,Common brome,Bromus,vulgaris
RACA,Common buttercup,Ranunculus,californicus
SIVU,Common campion,Silene,vulgaris
SIGA,Common catchfly,Silene,gallica
AGGI,Common corncockle,Agrostemma,githago
HEMA,Common cow parsnip,Heracleum,maximum
CRIN,Common cryptanth,Cryptantha,intermedia
CRCL,Common cryptantha,Cryptantha,clevelandii
EUCH,Common eucrypta,Eucrypta,chrysanthemifolia
AMIN,Common fiddleneck,Amsinckia,intermedia
LIUS,Common flax,Linum,usitatissimum
FRCO,Common freesia,Freesia,corymbosa
THCU,Common fringe pod,Thysanocarpus,curvipes
MUBO,Common grape hyacinth,Muscari,botryoides
SEVU,Common groundsel,Senecio,vulgaris
LARA,Common hareleaf,Lagophylla,ramosissima
PELA,Common knotweed,Persicaria,lapathifolia
PHNO,Common lippia,Phyla,nodiflora
LYCA,Common loosestrife,Lythrum,californicum
MAEL,Common madia,Madia,elegans
ARMA,Common manzanita,Arctostaphylos,manzanita
LIDO,Common meadow foam,Limnanthes,douglasii
CIQU,Common microcalis,Cicendia,quadrangularis
IPPU,Common morning glory,Ipomoea,purpurea
MUMA,Common muilla,Muilla,maritima
BRRA,Common mustard,Brassica,rapa
LACO,Common nipplewort,Lapsana,communis
LAVE,Common pacific pea,Lathyrus,vestitus
VIMI,Common periwinkle,Vinca,minor
PHDI,Common phacelia,Phacelia,distans
PLMA,Common plantain,Plantago,major
POOL,Common purslane,Portulaca,oleracea
CAMO,Common pussypaws,Calyptridium,monandrum
PEHY,Common ragwort,Pericallis,hybrida
PHAU,Common reed,Phragmites,australis
PLVI,Common rock cress,Planodes,virginicum
RUGR,Common rue,Ruta,graveolens
RUPH,Common rupertia,Rupertia,physodes
COFI,Common sandaster,Corethrogyne,filaginifolia
PEHY,Common smartweed,Persicaria,hydropiper
SYAL,Common snowberry,Symphoricarpos,albus
CHPO,Common soaproot,Chlorogalum,pomeridianum
ELPA,Common spikerush,Eleocharis,palustris
LAOD,Common sweet pea,Lathyrus,odoratus
CEPU,Common tarweed,Centromadia,pungens
SCPU,Common threesquare,Schoenoplectus,pungens
PHPR,Common timothy,Phleum,pratense
JUBU,Common toad rush,Juncus,bufonius
HOLA,Common velvetgrass,Holcus,lanatus
ECVU,Common viper's bugloss,Echium,vulgare
TRAE,Common wheat,Triticum,aestivum
LIAF,Common woodland star,Lithophragma,affine
LUMU,Common woodrush,Luzula,multiflora
CHGL,Common yellow chaenactis,Chaenactis,glabriuscula
BRMA,Compact Brome,Bromus,madritensis
HEOR,Compact oregon goldenaster,Heterotheca,oregona
TRJA,Confederate jasmine,Trachelospermum,jasminoides
DICO,Congdon's monkeyflower,Diplacus,congdonii
CAST,Contorted primrose,Camissonia,strigulosa
CACO,Contorted sun cup,Camissonia,contorta
LACO,Contra costa goldfields,Lasthenia,conjugens
EUOC,Contura creek spurge,Euphorbia,ocellata
PLCO,Cooper's popcornflower,Plagiobothrys,collinus
ACBA,Cootamundra wattle,Acacia,baileyana
QUSU,Cork oak,Quercus,suber
ANAR,Corn chamomile,Anthemis,arvensis
PARH,Corn poppy,Papaver,rhoeas
SPAR,Corn spurry,Spergula,arvensis
ZEMA,Corn,Zea,mays
COFR,Cotoneaster,Cotoneaster,franchetii
PSST,Cottonbatting plant,Pseudognaphalium,stramineum
SASI,Coulter willow,Salix,sitchensis
LACO,Coulter's horseweed,Laennecia,coulteri
ROCO,Coulter's matilija poppy,Romneya,coulteri
ERCO,Coville's buckwheat,Eriogonum,covilleanum
TRWO,Cow clover,Trifolium,wormskioldii
BAPI,Coyote brush,Baccharis,pilularis
CEFE,Coyote ceanothus,Ceanothus,ferrisiae
MOVI,Coyote mint,Monardella,villosa
ERVA,Coyote thistle,Eryngium,vaseyi
DISA,Crabgrass,Digitaria,sanguinalis
GEMO,Crane's bill geranium,Geranium,molle
PLCA,Cream cups,Platystemon,californicus
NATA,Cream narcissus,Narcissus,tazetta
CARU,Cream sacs,Castilleja,rubicundula
CLLI,Creek clematis,Clematis,ligusticifolia
TROB,Creek clover,Trifolium,obtusiflorum
AGGI,Creeping bentgras,Agrostis,gigantea
PORE,Creeping cinquefoil,Potentilla,reptans
HOOR,Creeping leather root,Hoita,orbicularis
LYJU,Creeping loosestrife,Lythrum,junceum
HYAN,Creeping St. John's wort,Hypericum,anagalloides
ASCA,Creeping wild ginger,Asarum,caudatum
OXCO,Creeping wood sorrel,Oxalis,corniculata
HERH,Crete weed,Hedypnois,rhagadioloides
CACI,Crimson bottlebrush,Callistemon,citrinus
TRIN,Crimson clover,Trifolium,incarnatum
OXIN,Crimson woodsorrel,Oxalis,incarnata
POCR,Crispate leaved pondweed,Potamogeton,crispus
GLCO,Crown daisy,Glebionis,coronaria
MECR,Crystalline ice plant,Mesembryanthemum,crystallinum
PSBE,Cudweed,Pseudognaphalium,beneolens
VIVI,Cultivated grape,Vitis,vinifera
TRCY,Cup clover,Trifolium,cyathiferum
MOMA,Cupped monolopia,Monolopia,major
RUCR,Curly dock,Rumex,crispus
RASC,Cursed crowfoot,Ranunculus,sceleratus
ROCU,Curvepod yellow cress,Rorippa,curvisiliqua
PLCO,Cut leaf plantain,Plantago,coronopus
RULA,Cut leaved blackberry,Rubus,laciniatus
DYMU,Cut leaved goosefoot,Dysphania,multifida
MILA,Cut leaved scorzonella,Microseris,laciniata
BEER,Cut leaved water parsnip,Berula,erecta
SEGL,Cutleaf burnweed,Senecio,glomeratus
EUCY,Cypress spurge,Euphorbia,cyparissias
NAPS,Daffodil,Narcissus,pseudonarcissus
PADI,Dallis grass,Paspalum,dilatatum
SCTU,Danny's scullcap,Scutellaria,tuberosa
LOTE,Darnel Ryegrass,Lolium,temulentum
BEDA,Darwin's berberis,Berberis,darwinii
COBA,Davidson's collinsia,Collinsia,bartsiifolia
ZEDA,Davy's centaury,Zeltnera,davyi
CEIN,Deer brush,Ceanothus,integerrimus
MURI,Deergrass,Muhlenbergia,rigens
ACGL,Deerweed,Acmispon,glaber
POTE,Delicate blue grass,Poa,tenerrima
PSBR,Delta woolly marbles,Psilocarphus,brevissimus
ALGI,Dense false gilia,Allophyllum,gilioides
CADE,Dense flower owl's clover,Castilleja,densiflora
PIEL,Dense flowered rein orchid,Piperia,elongata
FOPU,Desert olive,Forestiera,pubescens
PLOV,Desert plantain,Plantago,ovata
APCO,Dew plant,Aptenia,cordifolia
HECA,Diablo helianthella,Helianthella,castanea
ALDI,Diablo onion,Allium,diabolense
CLRH,Diamond clarkia,Clarkia,rhomboidea
AGPA,Diego bent grass,Agrostis,pallens
CEDI,Diffuse knapweed,Centaurea,diffusa
POIN,Ditch beard grass,Polypogon,interruptus
RUMA,Ditch grass,Ruppia,maritima
PHDI,Divaricate phacelia,Phacelia,divaricata
CUPA,Dodder,Cuscuta,pacifica
ANCO,Dog fennel,Anthemis,cotula
CYEC,Dogtail grass,Cynosurus,echinatus
LAPU,Dotted duckmeat,Landoltia,punctata
PEPU,Dotted smartweed,Persicaria,punctata
COAJ,Doubtful knight's spur,Consolida,ajacis
SYSU,Douglas aster,Symphyotrichum,subspicatum
IRDO,Douglas iris,Iris,douglasiana
LEDO,Douglas' coreopsis,Leptosyne,douglasii
AMDO,Douglas' fiddleneck,Amsinckia,douglasiana
CRDO,Douglas' hawthorn,Crataegus,douglasii
MIDO,Douglas' microseris,Microseris,douglasii
MODO,Douglas' monardella,Monardella,douglasii
SODO,Douglas' nightshade,Solanum,douglasii
PHDO,Douglas' phacelia,Phacelia,douglasii
PODO,Douglas' pogogyne,Pogogyne,douglasii
SADO,Douglas' Stitchwort,Sabulina,douglasii
VIDO,Douglas' violet,Viola,douglasii
CHDO,Douglas's spineflower,Chorizanthe,douglasii
BRTE,Downy chess,Bromus,tectorum
LUAD,Drew's silky lupine,Lupinus,adsurgens
PRHO,Drops of gold,Prosartes,hookeri
JULE,Dune rush,Juncus,lescurii
DAGL,Durango root,Datisca,glomerata
CHFU,Dusky dog fennel,Chamaemelum,fuscatum
ALCA,Dusky onion,Allium,campanulatum
SAME,Dusky willow,Salix,melanopsis
PLHU,Dwarf allocarya,Plagiobothrys,humistratus
ATPU,Dwarf athysanus,Athysanus,pusillus
TRDE,Dwarf bladder clover,Trifolium,depauperatum
BRTE,Dwarf brodiaea,Brodiaea,terrestris
CEDE,Dwarf ceanothus,Ceanothus,dentatus
CRTO,Dwarf cryptantha,Cryptantha,torreyana
HEAC,Dwarf evax,Hesperevax,acaulis
MANE,Dwarf mallow,Malva,neglecta
SAAP,Dwarf pearlwort,Sagina,apetala
LELA,Dwarf pepper grass,Lepidium,latipes
TRDE,Dwarf sack clover,Trifolium,depauperatum
CHPO,Dwarf soaproot,Chlorogalum,pomeridianum
ELCO,Dwarf spikerush,Eleocharis,coloradoensis
OXMI,Dwarf woodsorrel,Oxalis,micrantha
SYSU,Eastern annual saltmarsh aster,Symphyotrichum,subulatum
MAAR,Eastern bewildering bushmallow,Malacothamnus,arcuatus
ARGL,Eastwood manzanita,Arctostaphylos,glandulosa
NEPU,Eastwood's nemophila,Nemophila,pulchella
EUOB,Eggleaf spurge,Euphorbia,oblongata
SAME,Elderberry,Sambucus,mexicana
EREL,Elegant buckwheat,Eriogonum,elegans
AIEL,Elegant hair grass,Aira,elegans
MIEL,Elegant silverpuffs,Microseris,elegans
RUUL,Elm leaf bramble,Rubus,ulmifolius
RUUL,Elmleaf blackberry,Rubus,ulmifolius
HEHE,English ivy,Hedera,helix
BEPE,English lawn daisy,Bellis,perennis
LIVU,European privet,Ligustrum,vulgare
VIDI,European vetch,Vicia,disperma
OEEL,Evening primrose,Oenothera,elata
LIDI,Evening snow,Linanthus,dichotomus
RHIL,Evergreen buckthorn,Rhamnus,ilicifolia
VAOV,Evergreen huckleberry,Vaccinium,ovatum
STGN,Everlasting stylocline,Stylocline,gnaphaloides
PTDR,Fairy mist,Pterostegia,drymarioides
LEAN,False babystars,Leptosiphon,androsaceus
ECPR,False daisy,Eclipta,prostrata
CAMI,False flax,Camelina,microcarpa
LIDU,False pimpernel,Lindernia,dubia
THAR,Fan weed,Thlaspi,arvense
CLAM,Farewell to spring,Clarkia,amoena
CALE,Fat fruited sedge,Carex,lenticularis
ATPR,Fat-hen,Atriplex,prostrata
PEVI,Feathertop,Pennisetum,villosum
GAUS,Featherweed,Gamochaeta,ustulata
MARA,Feathery false lily of the valley,Maianthemum,racemosum
THFE,Fendler's meadow rue,Thalictrum,fendleri
FOVU,Fennel,Foeniculum,vulgare
IRFE,Fernald's iris,Iris,fernaldii
TAPA,Feverfew,Tanacetum,parthenium
COPA,Few flowered blue eyed mary,Collinsia,parviflora
TROL,Few flowered clover,Trifolium,oliganthum
COSP,Few flowered collinsia,Collinsia,sparsiflora
HESP,Few flowered evax,Hesperevax,sparsiflora
RUPU,Fiddleleaf dock,Rumex,pulcher
AMME,Fiddleneck,Amsinckia,menziesii
COAR,Field bindweed,Convolvulus,arvensis
CUCA,Field dodder,Cuscuta,campestris
TOAR,Field hedge parsley,Torilis,arvensis
SHAR,Field madder,Sherardia,arvensis
CAAR,Field marigold,Calendula,arvensis
VIAR,Field pansy,Viola,arvensis
CUPE,Field pumpkin,Cucurbita,pepo
CAPR,Field sedge,Carex,praegracilis
PHAU,Fiesta flower,Pholistoma,auritum
FUPA,Fine leaved fumitory,Fumaria,parviflora
HEAC,Fire evax,Hesperevax,acaulis
SIMU,Fire following campion,Silene,multinervia
PACA,Fire poppy,Papaver,californicum
PYAN,Firethorn,Pyracantha,angustifolia
NEMA,Five spot,Nemophila,maculata
BAHY,Fivehorn smotherweed,Bassia,hyssopifolia
DOPU,Flatface downingia,Downingia,pulchella
ERBO,Flax-leaved horseweed,Erigeron,bonariensis
LIBI,Flax,Linum,bienne
LYMO,Flaxleaf pimpernel,Lysimachia,monelli
LUAF,Fleshy lupine,Lupinus,affinis
PONA,Floating leaved pondweed,Potamogeton,natans
RISA,Flowering currant,Ribes,sanguineum
LIGR,Flowering flax,Linum,grandiflorum
NIAL,Flowering tobacco,Nicotiana,alata
TRSC,Flowering-quillwort,Triglochin,scilloides
KISP,Fluellin,Kickxia,spuria
STLE,Foothill needle grass,Stipa,lepida
PEHE,Foothill penstemon,Penstemon,heterophyllus
MYDI,Forget me not,Myosotis,discolor
PLVE,Forget-me-not popcornflower,Plagiobothrys,verrucosus
DICO,Fork toothed ookow,Dichelostemma,congestum
SOFU,Forked nightshade,Solanum,furcatum
CIFO,Fountain thistle,Cirsium,fontinale
PESE,Fountaingrass,Pennisetum,setaceum
POTE,Four leaved allseed,Polycarpon,tetraphyllum
VITE,Four seeded vetch,Vicia,tetrasperma
HOJU,Fox tail barley,Hordeum,jubatum
DIPU,Foxglove,Digitalis,purpurea
HOMU,Foxtail barley,Hordeum,murinum
ALSA,Foxtail,Alopecurus,saccatus
CYOD,Fragrant flatsedge,Cyperus,odoratus
FRLI,Fragrant fritillary,Fritillaria,liliacea
CASU,Franciscan paint brush,Castilleja,subinclusa
ERFR,Franciscan wallflower,Erysimum,franciscanum
ASLE,Freckled milk vetch,Astragalus,lentiginosus
MAFR,Fremont's bushmallow,Malacothamnus,fremontii
NEPU,Fremont's nemophila,Nemophila,pulchella
GAFR,Fremont's silk tassel,Garrya,fremontii
TOFR,Fremont's star lily,Toxicoscordion,fremontii
GEMO,French broom,Genista,monspessulana
LAST,French lavender,Lavandula,stoechas
TEGR,Fringe cups,Tellima,grandiflora
BRCI,Fringed bromegrass,Bromus,ciliatus
SIDI,Fringed checker mallow,Sidalcea,diploscypha
ALFI,Fringed onion,Allium,fimbriatum
RUCH,Fringed rue,Ruta,chalepensis
ESLO,Frying pans,Eschscholzia,lobbii
RISP,Fuchsia flowered gooseberry,Ribes,speciosum
PLFU,Fulvous popcorn flower,Plagiobothrys,fulvus
FUOF,Fumitory,Fumaria,officinalis
PEGA,Gairdner's yampah,Perideridia,gairdneri
KEBR,Gaping keckiella,Keckiella,breviflora
KEBR,Gaping penstemon,Keckiella,breviflora
ASOF,Garden asparagus,Asparagus,officinalis
POSA,Garden burnet,Poterium,sanguisorba
SOSC,Garden huckleberry,Solanum,scabrum
LASA,Garden lettuce,Lactuca,sativa
TRMA,Garden nasturtium,Tropaeolum,majus
ALCE,Garden onion,Allium,cepa
ATHO,Garden orache,Atriplex,hortensis
PISA,Garden pea,Pisum,sativum
PEXH,Garden pelargonium,Pelargonium,Xhortorum
ANMA,Garden snapdragon,Antirrhinum,majus
GALI,Gazania,Gazania,linearis
IRGE,German iris,Iris,germanica
MEGE,Geyer's onion grass,Melica,geyeri
SAMO,Giant arrowhead,Sagittaria,montevidensis
AGGR,Giant mountain dandelion,Agoseris,grandiflora
ARDO,Giant reed,Arundo,donax
VIGI,Giant vetch,Vicia,gigantea
TRCH,Giant wakerobin,Trillium,chloropetalum
ELCO,Giant wild rye,Elymus,condensatus
LEGI,Gibbous duckweed,Lemna,gibba
SEMU,Glandular cassia,Senna,multiglandulosa
ALHY,Glassy onion,Allium,hyalinum
LILU,Glossy privet,Ligustrum,lucidum
ATGM,Gmelin's saltbush,Atriplex,gmelinii
TRDU,Goat's beard,Tragopogon,dubius
AETR,Goatgrass,Aegilops,triuncialis
HESE,Golden aster,Heterotheca,sessiliflora
ERLU,Golden buckwheat,Eriogonum,luteolum
CHCH,Golden chinquapin,Chrysolepis,chrysophylla
RIAU,Golden currant,Ribes,aureum
RUFU,Golden dock,Rumex,fueginus
EHCH,Golden eardrops,Ehrendorferia,chrysantha
ERAR,Golden fleece,Ericameria,arborescens
LEAU,Golden linanthus,Leptosiphon,aureus
BLCR,Golden stars,Bloomeria,crocea
SCHI,Golden thistle,Scolymus,hispanicus
ERCO,Golden yarrow,Eriophyllum,confertiflorum
CUPA,Goldenthread,Cuscuta,pacifica
LAAU,Goldentop,Lamarckia,aurea
LACA,Goldfields,Lasthenia,californica
ELIN,Goose grass,Eleusine,indica
RIME,Gooseberry,Ribes,menziesii
VIPU,Goosefoot violet,Viola,purpurea
EULA,Gopher plant,Euphorbia,lathyris
ULEU,Gorse,Ulex,europaeus
GAPO,Graceful bedstraw,Galium,porrigens
CLGR,Graceful clarkia,Clarkia,gracilis
AMRO,Grand ammania,Ammannia,robusta
STHE,Grassland stebbinsoseris,Stebbinsoseris,heterocarpa
STGR,Grasslike starwort,Stellaria,graminea
SCSI,Gray leaved skullcap,Scutellaria,siphocampyloides
TRGR,Gray's clover,Trifolium,grayi
ERCA,Great valley button celery,Eryngium,castrense
PHCI,Great valley phacelia,Phacelia,ciliata
RUCO,Green dock,Rumex,conglomeratus
CYVI,Green flatsedge,Cyperus,virens
SEVI,Green foxtail,Setaria,viridis
ISME,Green leaved dune goldenbush,Isocoma,menziesii
CAFE,Green sheathed sedge,Carex,feta
MICA,Greene's saxifrage,Micranthes,californica
CAGR,Griffin's harebell,Campanula,griffinii
PEGR,Grinnell's beardtongue,Penstemon,grinnellii
IRMA,Ground iris,Iris,macrosiphon
GLHE,Ground ivy,Glechoma,hederacea
ECCR,Gulf cockspur grass,Echinochloa,crus-pavonis
GRST,Gumplant,Grindelia,stricta
GRCA,Gumweed,Grindelia,camporum
CLGY,Gypsum spring beauty,Claytonia,gypsophiloides
DEEL,Hairgrass,Deschampsia,elongata
PLGL,Hairless popcorn flower,Plagiobothrys,glaber
COPI,Hairy bird's beak,Cordylanthus,pilosus
CAHI,Hairy bitter cress,Cardamine,hirsuta
HYRA,Hairy cats ear,Hypochaeris,radicata
CEOL,Hairy ceanothus,Ceanothus,oliganthus
BRJA,Hairy chess,Bromus,japonicus
HEAN,Hairy leaved sunflower,Helianthus,annuus
ROTR,Hairy matilija poppy,Romneya,trichocalyx
CIIN,Hairy rockrose,Cistus,incanus
MICA,Hairy slender cottonweed,Micropus,californicus
CATO,Hairy star tulip,Calochortus,tolmiei
CAHI,Hairy sun cup,Camissoniopsis,hirtella
VIHI,Hairy vetch,Vicia,hirsuta
LEAP,Hairy whitetop,Lepidium,appelianum
LUCO,Hairy wood rush,Luzula,comosa
OXPI,Hairy wood sorrel,Oxalis,pilosa
AGHA,Hall's bent grass,Agrostis,hallii
EPHA,Hall's willowherb,Epilobium,hallianum
COPI,Hansen's bird's beak,Cordylanthus,pilosus
DERI,Hard bluegrass,Desmazeria,rigida
PHAQ,Harding grass,Phalaris,aquatica
SCAC,Hardstem bulrush,Schoenoplectus,acutus
LAOV,Hare's tail grass,Lagurus,ovatus
MEHA,Harford's melic,Melica,harfordii
SPTR,Harlequin flower,Sparaxis,tricolor
HOGR,Harlequin lotus,Hosackia,gracilis
TAHA,Hartweg's umbrellawort,Tauschia,hartwegii
BRCO,Harvest brodiaea,Brodiaea,coronaria
CAHA,Hasse's sedge,Carex,hassei
LESA,Hawkbit,Leontodon,saxatilis
LAHI,Hawkweed layia,Layia,hieracioides
CRMO,Hawthorn,Crataegus,monogyna
HECO,Hayfield tarweed,Hemizonia,congesta
ARCO,Heart leaved arnica,Arnica,cordifolia
SIOF,Hedge mustard,Sisymbrium,officinale
STAJ,Hedge nettle,Stachys,ajugoides
YAMI,Hedge parsley,Yabea,microcarpa
HOHE,Heermann's tarweed,Holocarpha,heermannii
EPHE,Helleborine,Epipactis,helleborine
SISU,Hemlock water parsnip,Sium,suave
LAAM,Henbit,Lamium,amplexicaule
BAMO,Herb of grace,Bacopa,monnieri
GERO,herb Robert,Geranium,robertianum
DESO,Herb sophia,Descurainia,sophia
HEHI,Herniaria,Herniaria,hirsuta
HERA,Heterocodon,Heterocodon,rariflorum
PLCH,Hickman's popcorn flower,Plagiobothrys,chorisianus
MASY,High mallow,Malva,sylvestris
ACPA,Hill lotus,Acmispon,parviflorus
CASU,Hill morning glory,Calystegia,subacaulis
TEGR,Hill sun cup,Tetrapteron,graciliflorum
APVA,Hillside broomrape,Aphyllon,vallicola
COSP,Hillside collinsia,Collinsia,sparsiflora
CACO,Hillside morning glory,Calystegia,collina
LAVE,Hillside pea,Lathyrus,vestitus
LIBO,Hillstar,Lithophragma,bolanderi
RUAR,Himalayan blackberry,Rubus,armeniacus
PECA,Himalayan smartweed,Persicaria,capitata
ARCA,Hoary manzanita,Arctostaphylos,canescens
SOPH,Hoe nightshade,Solanum,physalifolium
SAHO,Hoffmann's sanicle,Sanicula,hoffmannii
LOUT,Hog fennel,Lomatium,utriculatum
HECA,Hogwallow starfish,Hesperevax,caulescens
ALRO,Holly hock,Alcea,rosea
PRIL,Holly leaf cherry,Prunus,ilicifolia
NAAT,Holly leaf navarretia,Navarretia,atractyloides
ILAQ,Holly,Ilex,aquifolium
HOFI,Holozonia,Holozonia,filipes
GLTR,Honeylocust,Gleditsia,triacanthos
CEMA,Honeywort,Cerinthe,major
PHPA,Hood canarygrass,Phalaris,paradoxa
NAHA,Hooked navarretia,Navarretia,hamata
BRAP,Hoover's brodiaea,Brodiaea,appendiculata
ERAR,Hoover's button celery,Eryngium,aristulatum
TRCA,Hop clover,Trifolium,campestre
PTCR,Hop tree,Ptelea,crenulata
ZAPA,Horned pondweed,Zannichellia,palustris
CEDE,Hornwort,Ceratophyllum,demersum
AGUR,Horse mint,Agastache,urticifolia
SOEL,Horse nettle,Solanum,elaeagnifolium
POHO,Howell's blue grass,Poa,howellii
SASP,Hummingbird sage,Salvia,spathacea
LYHY,Hyssop loosestrife,Lythrum,hyssopifolia
CEIB,Iberian knapweed,Centaurea,iberica
DRFL,Ice plant,Drosanthemum,floribundum
CAED,Iceplant,Carpobrotus,edulis
CAOL,Idaho bittercress,Cardamine,oligosperma
ONIL,Illyrian thistle,Onopordum,illyricum
PHIM,Imbricate phacelia,Phacelia,imbricata
PHIM,Imbricate Phacelia,Phacelia,imbricata
BRJU,India mustard,Brassica,juncea
PECA,Indian breadroot,Pediomelum,californicum
TRAL,Indian clover,Trifolium,albopurpureum
SIOR,Indian hedge mustard,Sisymbrium,orientale
APCA,Indian hemp,Apocynum,cannabinum
ASER,Indian milkweed,Asclepias,eriocarpa
CAAF,Indian paintbrush,Castilleja,affinis
DISA,Indian teasel,Dipsacus,sativus
CIBR,Indian thistle,Cirsium,brevistylum
NIQU,Indian tobacco,Nicotiana,quadrivalvis
MAAB,Indian Valley bushmallow,Malacothamnus,aboriginum
PEDE,Indian warrior,Pedicularis,densiflora
VAPL,Inside out flower,Vancouveria,planipetala
ERLI,Interior goldenbush,Ericameria,linearifolia
QUWI,Interior live oak,Quercus,wislizeni
CAIN,Intermediate sun cups,Camissoniopsis,intermedia
ELHI,Intermediate wheatgrass,Elymus,hispidus
NAIN,Interwoven navarretia,Navarretia,intertexta
JUXI,Iris leaved rush,Juncus,xiphioides
SOTU,Irish potato,Solanum,tuberosum
CAMA,Island morning glory,Calystegia,macrostegia
RHAL,Italian buckthorn,Rhamnus,alaternus
CRBU,Italian hawksbeard,Crepis,bursifolia
ARIT,Italian lords and ladies,Arum,italicum
FEPE,Italian rye grass,Festuca,perennis
CAPY,Italian thistle,Carduus,pycnocephalus
TRLA,Ithuriel's spear,Triteleia,laxa
VEHE,Ivy leaved speedwell,Veronica,hederifolia
LOJA,Japanese honeysuckle,Lonicera,japonica
ERAR,Jepson's button celery,Eryngium,aristulatum
BEAQ,Jepson's oregon grape,Berberis,aquifolium
ERJE,Jepson's woolly sunflower,Eriophyllum,jepsonii
PSLU,Jersey cudweed,Pseudognaphalium,luteoalbum
HETU,Jerusalem artichoke,Helianthus,tuberosus
DYBO,Jerusalem oak goosefoot,Dysphania,botrys
ALSE,Jeweled onion,Allium,serra
CEOL,Jim brush,Ceanothus,oliganthus
DAST,Jimson weed,Datura,stramonium
DAWR,Jimsonweed,Datura,wrightii
SOHA,Johnsongrass,Sorghum,halepense
LOSU,Johnston's honeysuckle,Lonicera,subspicata
RARA,Jointed charlock,Raphanus,raphanistrum
AECY,Jointed goatgrass,Aegilops,cylindrica
CRMU,Jones' cryptantha,Cryptantha,muricata
KOMA,June grass,Koeleria,macrantha
ECCO,Jungle rice,Echinochloa,colona
CERU,Jupiter's beard,Centranthus,ruber
CAIG,Jurupa hills sun cup,Camissoniopsis,ignota
SOLA,Kangaroo apple,Solanum,laciniatum
ACPA,Kangaroo thorn,Acacia,paradoxa
ISCA,Keeled bulrush,Isolepis,carinata
DEKE,Kellogg's tarweed,Deinandra,kelloggii
TAKE,Kellogg's tauschia,Tauschia,kelloggii
CYMU,Kenilworth ivy,Cymbalaria,muralis
POPR,Kentucky blue grass,Poa,pratensis
PECL,Kikuyu grass,Pennisetum,clandestinum
LEPE,Klamath pepper grass,Lepidium,perfoliatum
HYPE,Klamathweed,Hypericum,perforatum
CAIN,Knob sedge,Carex,inversa
PADI,Knot grass,Paspalum,distichum
CHPO,Knotweed spineflower,Chorizanthe,polygonoides
CEFO,La cuesta ceanothus,Ceanothus,foliosus
LODA,Lace parsnip,Lomatium,dasycarpum
APOC,Ladie's mantle,Aphanes,occidentalis
PSCA,Ladies' tobacco,Pseudognaphalium,californicum
GADI,Lamarck's bedstraw,Galium,divaricatum
CHAL,Lambs quarters,Chenopodium,album
PHLA,Lance leaf lippia,Phyla,lanceolata
SOLA,Lance leaf nightshade,Solanum,lanceolatum
COGR,Large flowered collomia,Collomia,grandiflora
LEGR,Large flowered leptosiphon,Leptosiphon,grandiflorus
AMDE,Large fruited amaranth,Amaranthus,deflexus
LOMA,Large fruited lomatium,Lomatium,macrocarpum
MOMA,Large leaved sandwort,Moehringia,macrophylla
CEGL,Large mouse ears,Cerastium,glomeratum
TRVA,Large variegated clover,Trifolium,variegatum
DEDE,Larkspur,Delphinium,decorum
ERKA,Latin american fleabane,Erigeron,karvinskianus
SACH,Lavender cotton,Santolina,chamaecyparissus
ANKE,Lax snapdragon,Antirrhinum,kelloggii
ERFO,Leafy daisy,Erigeron,foliosus
POFO,Leafy pondweed,Potamogeton,foliosus
ESHY,Leafy stemmed poppy,Eschscholzia,hypecoides
LEMI,Least duckweed,Lemna,minuta
QUDU,Leather oak,Quercus,durata
LELI,Legenere,Legenere,limosa
PHLE,Lemmon's canarygrass,Phalaris,lemmonii
SILE,Lemmon's catchfly,Silene,lemmonii
MEOF,Lemon balm,Melissa,officinalis
MACI,Lemon scented tarweed,Madia,citriodora
RHIN,Lemonade berry,Rhus,integrifolia
LECH,Lens-podded hoary cress,Lepidium,chalepense
ATMI,Lesser saltscale,Atriplex,minuscula
LEDI,Lesser swine cress,Lepidium,didymum
CLLE,Lewis' clarkia,Clarkia,lewisii
LILE,Lewis' flax,Linum,lewisii
GLLE,Lichorice,Glycyrrhiza,lepidota
GLGL,Licorice,Glycyrrhiza,glabra
SAOR,Lily of the valley vine,Salpichroa,origanifolia
MELI,Lindley's blazing star,Mentzelia,lindleyi
SELI,Linear-leaved australian fireweed,Senecio,linearifolius
LEMI,Little glandular lessingia,Lessingia,micradenia
GRPU,Little gruvelia,Gruvelia,pusilla
AGMI,Little leaf bentgrass,Agrostis,microphylla
MYMI,Little mouse tail,Myosurus,minimus
TRPU,Little owl's clover,Triphysaria,pusilla
CAMI,Little paintbrush,Castilleja,minor
CHME,Little prince's pine,Chimaphila,menziesii
BRMI,Little rattlesnake grass,Briza,minor
GEPU,little Robin,Geranium,purpureum
CLEX,Little spring beauty,Claytonia,exigua
QUWI,Live oak,Quercus,wislizeni
RALO,Lobb's aquatic buttercup,Ranunculus,lobbii
ASGA,Loco weed,Astragalus,gambelianus
HOST,Loma prieta psoralea,Hoita,strobilina
SIIR,London rocket,Sisymbrium,irio
PLCI,Long spurred plectritis,Plectritis,ciliosa
EREL,Long stemmed buckwheat,Eriogonum,elongatum
EREL,Longstem buckwheat,Eriogonum,elongatum
CALO,Longstock water-starwort,Callitriche,longipedunculata
APSP,Loose silky bent,Apera,spica-venti
GLLO,Lotus sweetjuice,Glinus,lotoides
VILU,Louisiana vetch,Vicia,ludoviciana
ISCE,Low bulrush,Isolepis,cernua
GNPA,Lowland cudweed,Gnaphalium,palustre
LUBI,Lupine,Lupinus,bicolor
CALY,Lyngbye's sedge,Carex,lyngbyei
TRMA,Macrae's clover,Trifolium,macraei
DIMU,Many flowered brodiaea,Dichelostemma,multiflorum
ERPL,Many flowered eriastrum,Eriastrum,pluriflorum
ERFL,Many flowered monkey flower,Erythranthe,floribunda
NIAC,Many flowered tobacco,Nicotiana,acuminata
ELXG,Many flowered wild rye,Elymus,Xgouldii
NIAC,Manyflower tobacco,Nicotiana,acuminata
SIMA,Maple leaved checkerbloom,Sidalcea,malachroides
HIVU,Mare's tail,Hippuris,vulgaris
NATA,Marigold navarretia,Navarretia,tagetina
NAMA,Marine water nymph,Najas,marina
LAMA,Maritime goldfields,Lasthenia,maritima
SEPA,Marsh bristlegrass,Setaria,parviflora
PAPA,Marsh grass of parnassus,Parnassia,palustris
GRST,Marsh gumplant,Grindelia,stricta
JACA,Marsh jaumea,Jaumea,carnosa
CYLE,Marsh parsley,Cyclospermum,leptophyllum
HYRA,Marsh pennywort,Hydrocotyle,ranunculoides
LUPA,Marsh purslane,Ludwigia,palustris
LICA,Marsh rosemary,Limonium,californicum
TRPE,Marsh tritileia,Triteleia,peduncularis
LYBA,Matrimony vine,Lycium,barbarum
EUSE,Matted sandmat,Euphorbia,serpens
MABO,Mayten,Maytenus,boaria
HOBR,Meadow barley,Hordeum,brachyantherum
BRCO,Meadow Brome,Bromus,commutatus
CEAR,Meadow chickweed,Cerastium,arvense
TOVE,Meadow deathcamas,Toxicoscordion,venenosum
FEPR,Meadow fescue,Festuca,pratensis
ALPR,Meadow foxtail,Alopecurus,pratensis
CHPR,Meadow goosefoot,Chenopodium,pratericola
LUPO,Meadow lupine,Lupinus,polyphyllus
NEPE,Meadow nemophila,Nemophila,pedunculata
POMA,Mediterranean beard grass,Polypogon,maritimus
PHMI,Mediterranean canarygrass,Phalaris,minor
COVA,Mediterranean crownvetch,Coronilla,valentina
ERMA,Mediterranean filaree,Erodium,malacoides
ROCR,Mediterranean Hair-Grass,Rostraria,cristata
BETR,Mediterranean lineseed,Bellardia,trixago
CRTI,Mediterranean pygmy weed,Crassula,tillaea
ELCA,Medusa head,Elymus,caput-medusae
ISME,Menzies' goldenbush,Isocoma,menziesii
ALPE,Mexicali onion,Allium,peninsulare
OESP,Mexican evening primrose,Oenothera,speciosa
NATE,Mexican feathergrass,Nassella,tenuissima
STME,Mexican hedgenettle,Stachys,mexicana
ERME,Mexican lovegrass,Eragrostis,mexicana
JUME,Mexican rush,Juncus,mexicanus
DYAM,Mexican tea,Dysphania,ambrosioides
PIMI,Michael's rein orchid,Piperia,michaelii
ANCO,Mignonette vine,Anredera,cordifolia
SIMA,Milk thistle,Silybum,marianum
COLA,Milkflower cotoneaster,Cotoneaster,lacteus
CACA,Milkmaids,Cardamine,californica
CLPE,Miner's lettuce,Claytonia,perfoliata
EPMI,Minute willowherb,Epilobium,minutum
ERER,Mock heather,Ericameria,ericoides
PITO,Mock orange,Pittosporum,tobira
DUIN,Mock strawberry,Duchesnea,indica
DUIN,Mock-strawberry,Duchesnea,indica
WHMO,Modesty,Whipplea,modesta
ERNA,Mojave rabbitbrush,Ericameria,nauseosa
CAHA,Monterey sedge,Carex,harfordii
CHPU,Monterey spineflower,Chorizanthe,pungens
ELMO,Montevideo spike rush,Eleocharis,montevidensis
CAMA,Morning glory,Calystegia,malacophylla
LIMA,Moroccan toad flax,Linaria,maroccana
PRHE,Mosquito bill,Primula,hendersonii
ELHE,Mosquito waterwort,Elatine,heterandra
VEBL,Moth mullein,Verbascum,blattaria
BORU,Mount day rockcress,Boechera,rubicundula
BRSI,Mountain brome,Bromus,sitchensis
FEVI,Mountain bunch fescue,Festuca,viridula
AGHE,Mountain dandelion,Agoseris,heterophylla
CONU,Mountain dogwood,Cornus,nuttallii
BEAQ,Mountain grape,Berberis,aquifolium
CRMO,Mountain hawk's beard,Crepis,monticola
CYMO,Mountain lady's slipper,Cypripedium,montanum
PITR,Mountain piperia,Piperia,transversa
PRVU,Mountain selfheal,Prunella,vulgaris
MIAM,Mt. diablo cottonweed,Micropus,amphibolus
PHPH,Mt. Diablo phacelia,Phacelia,phacelioides
LEHA,Mt. hamilton coreopsis,Leptosyne,hamiltonii
STCA,Mt. hamilton jewel flower,Streptanthus,callistus
LOOB,Mt. hamilton lomatium,Lomatium,observatorium
SEPE,Mt. Hamilton mock stonecrop,Sedella,pentandra
CIFO,Mt. hamilton thistle,Cirsium,fontinale
ZEMU,Muehlenberg's centaury,Zeltnera,muehlenbergii
BASA,Mule fat,Baccharis,salicifolia
HYMO,Musk hydrocotyle,Hydrocotyle,moschata
HIIN,Mustard,Hirschfeldia,incana
MYCO,Myrtle,Myrtus,communis
APPU,Naked broom rape,Aphyllon,purpureum
ERNU,Naked buckwheat,Eriogonum,nudum
AMBE,Naked lady,Amaryllis,belladonna
EPTO,Narrow boisduvalia,Epilobium,torreyi
BRLA,Narrow flowered brome,Bromus,laevipes
TYAN,Narrow leaf cattail,Typha,angustifolia
ASFA,narrow leaf milkweed,Asclepias,fascicularis
SEST,Narrow leaf stonecrop,Sedum,stenopetalum
TRAN,Narrow leaved clover,Trifolium,angustifolium
THLA,Narrow leaved lacepod,Thysanocarpus,laciniatus
CLPA,Narrow leaved miner's lettuce,Claytonia,parviflora
WYAN,Narrow leaved mule ears,Wyethia,angustifolia
ALAM,Narrow leaved onion,Allium,amplectens
CAAT,Narrow leaved owl's clover,Castilleja,attenuata
GEST,Narrow petaled broom,Genista,stenopetala
HOVI,Narrow tarplant,Holocarpha,virgata
LOTE,Narrow-leaf bird's-foot trefoil,Lotus,tenuis
LELI,Narrowflower flaxflower,Leptosiphon,liniflorus
LOGA,Narrowleaf cottonrose,Logfia,gallica
RUST,Narrowleaf dock,Rumex,stenophyllus
SAEX,Narrowleaf willow,Salix,exigua
NAPA,Navarretia,Navarretia,paradoxiclara
VEPE,Neckweed,Veronica,peregrina
LAGR,Needle goldfields,Lasthenia,gracilis
ELAC,Needle spike rush,Eleocharis,acicularis
ELAC,Needle spikerush,Eleocharis,acicularis
CHMU,Nettle leaf goosefoot,Chenopodium,murale
ASLE,New idria milk vetch,Astragalus,lentiginosus
SOAV,New Zealand nightshade,Solanum,aviculare
TETE,New zealand spinach,Tetragonia,tetragonoides
MYLA,Ngaio tree,Myoporum,laetum
SOPH,Nightshade,Solanum,physalifolium
PHCA,Ninebark,Physocarpus,capitatus
GAPH,Nit grass,Gastridium,phleoides
STCE,Nodding needle grass,Stipa,cernua
TRCE,Nodding oatgrass,Trisetum,cernuum
TRCA,Nodding trisetum,Trisetum,canescens
NONO,None,None,None
GLBO,Northern mannagrass,Glyceria,borealis
LIAQ,Northern mudwort,Limosella,aquatica
SASE,Northern sandbar willow,Salix,sessilifolia
ALTR,Northern water plantain,Alisma,triviale
TRBI,Notch leaf clover,Trifolium,bifidum
ERNU,Nude buckwheat,Eriogonum,nudum
CYES,Nut grass,Cyperus,esculentus
CYRO,Nutgrass,Cyperus,rotundus
MANU,Nuttall's bushmallow,Malacothamnus,nuttallii
NERA,Nuttall's nemacladus,Nemacladus,ramosissimus
RIQU,Oak gooseberry,Ribes,quercetorum
CAUM,Oakland mariposa lily,Calochortus,umbellatus
IPIN,Oceanblue morning glory,Ipomoea,indica
HODI,Oceanspray,Holodiscus,discolor
PACA,Old witch grass,Panicum,capillare
IDSC,Oldstem idahoa,Idahoa,scapigera
TRCO,Olive clover,Trifolium,columbinum
OLEU,Olive,Olea,europaea
CAGY,Olney's hairy sedge,Carex,gynodynama
CHUN,One awn spineflower,Chorizanthe,uniaristata
ALUN,One leaf onion,Allium,unifolium
MEBU,Oniongrass,Melica,bulbosa
PASO,Opium poppy,Papaver,somniferum
HEMI,Opposite leaved tarweed,Hemizonella,minima
DAGL,Orchardgrass,Dactylis,glomerata
ORVU,Oregano,Origanum,vulgare
MAFU,Oregon crab apple,Malus,fusca
HEOR,Oregon golden aster,Heterotheca,oregona
BENE,Oregon grape,Berberis,nervosa
PEOR,Oregon yampah,Perideridia,oregana
OECE,Oso berry,Oemleria,cerasiformis
CAEX,Owl's clover,Castilleja,exserta
SYCH,Pacific aster,Symphyotrichum,chilense
AGAV,Pacific bentgrass,Agrostis,avenacea
DIFO,Pacific bleedinghearts,Dicentra,formosa
SPFO,Pacific cordgrass,Spartina,foliosa
SACR,Pacific sanicle,Sanicula,crassicaulis
LYLA,Pacific starflower,Lysimachia,latifolia
SESP,Pacific stonecrop,Sedum,spathulifolium
LUSU,Pacific woodrush,Luzula,subsessilis
PRCL,Padre's shooting star,Primula,clevelandii
AMUT,Pale leaved serviceberry,Amelanchier,utahensis
PAAR,Pale rough fruited poppy,Papaver,argemone
TRDE,Pale sack clover,Trifolium,depauperatum
AMPA,Pallid service berry,Amelanchier,pallida
AMPA,Palmer's amaranth,Amaranthus,palmeri
CEPA,Palmer's ceanothus,Ceanothus,palmeri
QUPA,Palmer's oak,Quercus,palmeri
ERDI,Palomar monkeyflower,Erythranthe,diffusa
COSE,Pampas grass,Cortaderia,selloana
CYHU,Panal,Cypselea,humifusa
NAPA,Paperwhite narcissus,Narcissus,papyraceus
CEPA,Pappose tarweed,Centromadia,parryi
ARSU,Parish's glasswort,Arthrocnemum,subterminale
MYAQ,Parrot's feather,Myriophyllum,aquaticum
POPA,Parry's knotweed,Polygonum,parryi
CAPA,Parry's pussypaws,Calyptridium,parryi
ERPA,Parry's rabbitbrush,Ericameria,parryi
PECR,Parsley,Petroselinum,crispum
CRSC,peak rushrose,Crocanthemum,scoparium
CRSC,Peak Rushrose,Crocanthemum,scoparium
ANMA,Pearly everlasting,Anaphalis,margaritacea
CAIL,Pecan,Carya,illinoinensis
PAHE,Pelitory,Parietaria,hespera
CAPE,Pennsylvania bittercress,Cardamine,pensylvanica
MEPU,Pennyroyal,Mentha,pulegium
PABR,Peony,Paeonia,brownii
LEST,Peppergrass,Lepidium,strictum
MEXP,Peppermint,Mentha,Xpiperita
CICY,Peregrine thistle,Cirsium,cymosum
LELA,Perennial pepperweed,Lepidium,latifolium
SOAR,Perennial sow thistle,Sonchus,arvensis
LONU,Pestle lomatium,Lomatium,nudicaule
EUPE,Petty spurge,Euphorbia,peplus
ERPH,Philadelphia fleabane,Erigeron,philadelphicus
GAAN,Phlox leaved bedstraw,Galium,andrewsii
SAPA,Pickleweed,Salicornia,pacifica
TRGR,Pin point clover,Trifolium,gracilentum
SCAT,Pincushions,Scabiosa,atropurpurea
ARCA,Pine  dwarf mistletoe,Arceuthobium,campylopodum
POSE,Pine bluegrass,Poa,secunda
ROPI,Pine rose,Rosa,pinetorum
MADI,Pineapple weed,Matricaria,discoidea
CARU,Pinegrass,Calamagrostis,rubescens
CARU,Pink creamsacs,Castilleja,rubicundula
PSRA,Pink cudweed,Pseudognaphalium,ramosissimum
LOHI,Pink honeysuckle,Lonicera,hispidula
CHME,Pink spineflower,Chorizanthe,membranacea
EMRO,Pink whispering bells,Emmenanthe,rosea
LIPA,Pink woodland star,Lithophragma,parviflorum
TRBI,Pinole clover,Trifolium,bifidum
CLLA,Pipestem,Clematis,lasiantha
CHBE,Pit seed goosefoot,Chenopodium,berlandieri
LECA,Pitcher sage,Lepechinia,calycina
ALLA,Pitted onion,Allium,lacunosum
CAIN,Plain mariposa,Calochortus,invenustus
PLMA,Plectritis,Plectritis,macrocera
COMA,Poison hemlock,Conium,maculatum
TODI,Poison oak,Toxicodendron,diversilobum
SABI,Poison sanicle,Sanicula,bipinnata
LAVI,Poison wild lettuce,Lactuca,virosa
PHAM,Pokeweed,Phytolacca,americana
PUGR,Pomegranate,Punica,granatum
POIL,Pondweed,Potamogeton,illinoensis
PLCH,Popcorn flower,Plagiobothrys,chorisianus
CYST,Portuguese broom,Cytisus,striatus
CAOF,Pot marigold,Calendula,officinalis
IVAX,Povertyweed,Iva,axillaris
AMPO,Powell's amaranth,Amaranthus,powellii
TRIX,Pretty face,Triteleia,ixioides
CRMU,Prickly cryptantha,Cryptantha,muricata
LASE,Prickly lettuce,Lactuca,serriola
DAIN,Pricklyburr,Datura,inoxia
ECCA,Pride of madeira,Echium,candicans
ARPR,Prostrate cape weed,Arctotheca,prostrata
POAV,Prostrate knotweed,Polygonum,aviculare
NAPR,Prostrate navarretia,Navarretia,prostrata
AMBL,Prostrate pigweed,Amaranthus,blitoides
EUPR,Prostrate sandmat,Euphorbia,prostrata
RAHE,Pubescent fruited buttercup,Ranunculus,hebecarpus
CLBO,Punch bowl godetia,Clarkia,bottae
TRTE,Puncture vine,Tribulus,terrestris
PEHE,Purdy's foothill penstemon,Penstemon,heterophyllus
IRPU,Purdy's iris,Iris,purdyi
RYPE,Purple awned wallaby grass,Rytidosperma,penicillatum
COHE,Purple chinese houses,Collinsia,heterophylla
CLPU,Purple clarkia,Clarkia,purpurea
LAPU,Purple dead nettle,Lamium,purpureum
BRDI,Purple false brome,Brachypodium,distachyon
ALDI,Purple false gilia,Allophyllum,divaricatum
LYSA,Purple loosestrife,Lythrum,salicaria
DIDO,Purple mouse ears,Diplacus,douglasii
NAPU,Purple navarretia,Navarretia,pubescens
STPU,Purple needle grass,Stipa,pulchra
SPRU,Purple sand spurry,Spergularia,rubra
SABI,Purple sanicle,Sanicula,bipinnatifida
GICL,Purple spot gilia,Gilia,clivorum
CECA,Purple star thistle,Centaurea,calcitrapa
LIPU,Purple toad flax,Linaria,purpurea
VEBO,Purple top vervain,Verbena,bonariensis
VIBE,Purple vetch,Vicia,benghalensis
LEPY,Pygmy linanthus,Leptosiphon,pygmaeus
MICA,Q tips,Micropus,californicus
ELRE,Quack grass,Elymus,repens
DACA,Queen Anne's lace,Daucus,carota
CYOB,Quince,Cydonia,oblonga
TRAR,Rabbitfoot clover,Trifolium,arvense
AMPS,Ragweed,Ambrosia,psilostachya
CLSI,Ramona clarkia,Clarkia,similis
FEMY,Rattail sixweeks grass,Festuca,myuros
PERA,Rattan's beardtongue,Penstemon,rattanii
CRRA,Rattan's cryptantha,Cryptantha,rattanii
DIRA,Rattan's monkeyflower,Diplacus,rattanii
PHRA,Rattan's phacelia,Phacelia,rattanii
SEPU,Rattlebox,Sesbania,punicea
BRMA,Rattlesnake grass,Briza,maxima
ARDI,Rayless arnica,Arnica,discoidea
NEPA,Rebecca austin's nemophila,Nemophila,parviflora
ALRU,Red alder,Alnus,rubra
AMCR,Red amaranth,Amaranthus,cruentus
AMCO,Red ammannia,Ammannia,coccinea
ACRU,red baneberry,Actaea,rubra
KECO,Red beardtongue,Keckiella,corymbosa
BRRU,Red brome,Bromus,rubens
ESRU,Red claws,Escallonia,rubra
CLAN,Red clintonia,Clintonia,andrewsiana
TRPR,Red clover,Trifolium,pratense
SARA,Red elderberry,Sambucus,racemosa
FERU,Red fescue,Festuca,rubra
LACI,Red peavine,Lathyrus,cicera
HUHE,Red rayed hulsea,Hulsea,heterochroma
CLCO,Red ribbons,Clarkia,concinna
CYER,Red rooted cyperus,Cyperus,erythrorhizos
TAOF,Red seeded dandelion,Taraxacum,officinale
CLRU,Red stemmed spring beauty,Claytonia,rubra
TAER,Red-seeded dandelion,Taraxacum,erythrospermum
RHCR,Redberry,Rhamnus,crocea
KNUV,Redhot poker,Kniphofia,uvaria
ATRO,Redscale,Atriplex,rosea
AGST,Redtop,Agrostis,stolonifera
POKE,Redwood blue grass,Poa,kelloggii
OXOR,Redwood sorrel,Oxalis,oregana
VISE,Redwood violet,Viola,sempervirens
PHAR,Reed canarygrass,Phalaris,arundinacea
FEAR,Reed fescue,Festuca,arundinacea
PIEL,Rein orchid,Piperia,elegans
BRCA,Rescue grass,Bromus,catharticus
CILA,Resinous rockrose,Cistus,ladanifer
PLRE,Reticulate popcorn flower,Plagiobothrys,reticulatus
EUSP,Reticulate seeded spurge,Euphorbia,spathulata
PLLA,Ribwort,Plantago,lanceolata
LEOR,Rice cutgrass,Leersia,oryzoides
CORI,Rigid bird's beak,Cordylanthus,rigidus
CRJU,Rigid cryptantha,Cryptantha,juniperensis
AMRE,Rigid fiddleneck,Amsinckia,retrorsa
BRDI,Ripgut brome,Bromus,diandrus
BOFL,River bulrush,Bolboschoenus,fluviatilis
CACU,River sheoak,Casuarina,cunninghamiana
LURI,Riverbank lupine,Lupinus,rivularis
CHRO,Robust spineflower,Chorizanthe,robusta
VELA,Robust vervain,Verbena,lasiostachys
ERSA,Rock buckwheat,Eriogonum,saxatile
DUCY,Rock lettuce,Dudleya,cymosa
PHCA,Rock phacelia,Phacelia,californica
SASA,Rock sanicle,Sanicula,saxatilis
NUPO,Rocky mountain pond-lily,Nuphar,polysepala
LYCO,Rose campion,Lychnis,coronaria
TRHI,Rose clover,Trifolium,hirtum
ROOF,Rosemary,Rosmarinus,officinalis
CAMU,Rosin weed,Calycadenia,multiglandulosa
RORO,Rosy sand crocus,Romulea,rosea
RORO,Rosy sandcrocus,Romulea,rosea
GATR,Rough bedstraw,Galium,tricornutum
PLTR,Rough fruited allocarya,Plagiobothrys,trachycarpus
STRI,Rough hedgenettle,Stachys,rigida
HEOR,Rough oregon goldenaster,Heterotheca,oregona
AMRE,Rough pigweed,Amaranthus,retroflexus
CASE,Rough sedge,Carex,senta
VESC,Rough vervain,Verbena,scabra
EURA,Roughleaf aster,Eurybia,radulina
CAGL,Round fruit sedge,Carex,globosa
JUBU,Round fruited toad rush,Juncus,bufonius
MEOR,Round leafed medick,Medicago,orbicularis
CAMA,Round leaved filaree,California,macrophylla
GERO,Round leaved geranium,Geranium,rotundifolium
DEVA,Royal larkspur,Delphinium,variegatum
ERNA,Rubber rabbitbrush,Ericameria,nauseosa
JUPA,Rush,Juncus,patens
RHRE,Russian knapweed,Rhaponticum,repens
SAAU,Russian thistle,Salsola,australis
PLCO,Rusty haired popcorn flower,Plagiobothrys,collinus
SECE,Rye,Secale,cereale
POZI,Sacramento mint,Pogogyne,zizyphoroides
NADO,Sacred bamboo,Nandina,domestica
CATI,Safflower,Carthamus,tinctorius
STPE,Sago pondweed,Stuckenia,pectinata
GASH,Salal,Gaultheria,shallon
TRHY,Saline clover,Trifolium,hydrophilum
JUAM,Saline toad rush,Juncus,ambiguus
RUSP,Salmon berry,Rubus,spectabilis
TRPO,Salsify,Tragopogon,porrifolius
DISP,Salt grass,Distichlis,spicata
BAGL,Salt Marsh baccharis,Baccharis,glutinosa
CHMA,Salt marsh bird's beak,Chloropyron,maritimum
PLOD,Salt marsh fleabane,Pluchea,odorata
SPMA,Salt sand spurry,Spergularia,marina
SPAL,Salt water cord grass,Spartina,alterniflora
CUSA,Saltmarsh dodder,Cuscuta,salina
ECPL,Salvation echium,Echium,plantagineum
DEPA,San bernardino larkspur,Delphinium,parryi
BALA,San Diego County viguiera,Bahiopsis,laciniata
ALPE,San francisco bay onion,Allium,peninsulare
COMU,San francisco collinsia,Collinsia,multicolor
ERFO,San francisco leafy fleabane,Erigeron,foliosus
GIDI,San gabriel bluecup,Githopsis,diffusa
EXJO,San Joaquin spearscale,Extriplex,joaquinana
HOOB,San joaquin tarweed,Holocarpha,obconica
CAPA,Sand bittercress,Cardamine,parviflora
DUCA,Sand lettuce,Dudleya,caespitosa
CRCO,Sand pygmy weed,Crassula,connata
SPME,Sand spurry,Spergularia,media
SAEX,Sandbar willow,Salix,exigua
ERCA,Sanddune wallflower,Erysimum,capitatum
SASA,Sanford's arrowhead,Sagittaria,sanfordii
STEL,Santa barbara stephanomeria,Stephanomeria,elata
ACLA,Santa Clara thorn mint,Acanthomintha,lanceolata
TRBU,Santa cruz clover,Trifolium,buckwestiorum
ARAN,Santa cruz manzanita,Arctostaphylos,andersonii
PERA,Santa cruz mtns. beardtongue,Penstemon,rattanii
CAPA,Santa cruz mtns. pussypaws,Calyptridium,parryi
HESA,Sargent cypress,Hesperocyparis,sargentii
ISME,Satan's goldenbush,Isocoma,menziesii
LESQ,Scalebroom,Lepidospartum,squamatum
PYCO,Scarlet firethorn,Pyracantha,coccinea
LYAR,Scarlet pimpernel,Lysimachia,arvensis
MEDI,Scattered blazing star,Mentzelia,dispersa
CASC,Schott's sedge,Carex,schottii
GASC,Schultes' bedstraw,Galium,schultesii
CYSC,Scotch broom,Cytisus,scoparius
SASC,Scouler willow,Salix,scouleriana
HYSC,Scouler's St John's wort,Hypericum,scouleri
SCBO,Scribneria,Scribneria,bolanderi
QUDU,Scrub oak,Quercus,dumosa
PLCO,Sea blush,Plectritis,congesta
CACH,Sea fig,Carpobrotus,chilensis
LYMA,Sea milkwort,Lysimachia,maritima
CAMA,Sea rocket,Cakile,maritima
PUMA,Seaside alkaligrass,Puccinellia,maritima
TRMA,Seaside arrow grass,Triglochin,maritima
HOMA,Seaside barley,Hordeum,marinum
HECU,Seaside heliotrope,Heliotropium,curassavicum
CALA,Seaside paintbrush,Castilleja,latifolia
CADE,Sedge,Carex,densa
ERGU,Seep monkey flower,Erythranthe,guttata
PRVU,Self heal,Prunella,vulgaris
PLCA,Semaphore grass,Pleuropogon,californicus
CODI,Serpentine collomia,Collomia,diversifolia
LEAM,Serpentine leptosiphon,Leptosiphon,ambiguus
CAOP,Serpentine reed grass,Calamagrostis,ophitidis
SABR,Serpentine willow,Salix,breweri
AMAL,Service berry,Amelanchier,alnifolia
TRDU,Shamrock,Trifolium,dubium
LEOX,Sharp podded pepper grass,Lepidium,oxycarpum
KIEL,Sharp point fluellin,Kickxia,elatine
CASH,Sharsmith's harebell,Campanula,sharsmithiae
ALSH,Sharsmith's onion,Allium,sharsmithiae
LOVA,Sheathed lomatium,Lomatium,vaginatum
RUAC,Sheep sorrel,Rumex,acetosella
MOLA,Shell flower,Moluccella,laevis
VISH,Shelton's violet,Viola,sheltonii
SCPE,Shepherd's needle,Scandix,pecten-veneris
CABU,Shepherd's purse,Capsella,bursa-pastoris
STNI,Shining chickweed,Stellaria,nitens
LENI,Shining pepper grass,Lepidium,nitidum
BEPI,Shiny leaf mahonia,Berberis,pinnata
VELI,Shore vervain,Verbena,litoralis
AGGL,Short beaked agoseris,Agoseris,glauca
CUCA,Short flowered dodder,Cuscuta,californica
ACBR,Short podded lotus,Acmispon,brachycarpus
ELBR,Short seed waterwort,Elatine,brachysperma
STPY,Short spike hedge nettle,Stachys,pycnantha
THRA,Showy fringe pod,Thysanocarpus,radians
ASSP,Showy milkweed,Asclepias,speciosa
VESP,Showy mullein,Verbascum,speciosum
CRMU,Showy prickly-nut cryptantha,Cryptantha,muricata
MOPA,Showy rock montia,Montia,parvifolia
SEFL,Shrubby ragwort,Senecio,flaccidus
MYSI,Siberian water milfoil,Myriophyllum,sibiricum
CESU,Sicilian starthistle,Centaurea,sulphurea
PAIN,Sickle grass,Parapholis,incurva
ALFA,Sickle leaf onion,Allium,falcifolium
MIAC,Sierra foothills microseris,Microseris,acuminata
SEPU,Sierra mock stonecrop,Sedella,pumila
PRSU,Sierra plum,Prunus,subcordata
GACO,Silk tassel,Garrya,congdonii
ALJU,Silktree,Albizia,julibrissin
LUAL,Silver bush lupine,Lupinus,albifrons
URLI,Silver puffs,Uropappus,lindleyi
POAR,Silver sheath knotweed,Polygonum,argyrocoleon
ACDE,Silver wattle,Acacia,dealbata
POAN,Silver weed cinquefoil,Potentilla,anserina
AICA,Silvery hairgrass,Aira,caryophyllea
ENST,Siskiyou false rue anemone,Enemion,stipitatum
MOPU,Siskiyou monardella,Monardella,purpurea
BRSI,Sitka brome,Bromus,sitchensis
LUHE,Six petal water primrose,Ludwigia,hexapetala
VUOC,Sixweeks fescue,Vulpia,octoflora
FEOC,Sixweeks grass,Festuca,octoflora
CHJU,Skeleton weed,Chondrilla,juncea
NAME,Skunk navarretia,Navarretia,mellita
NASQ,Skunkweed,Navarretia,squarrosa
SIAN,Sleepy catch fly,Silene,antirrhina
ERGR,Slender buckwheat,Eriogonum,gracile
CETE,Slender centaury,Centaurium,tenuiflorum
ERGR,Slender cotton grass,Eriophorum,gracile
MICA,Slender cottonweed,Micropus,californicus
BRSY,Slender false brome,Brachypodium,sylvaticum
NOGR,Slender false garlic,Nothoscordum,gracile
CATE,Slender flowered thistle,Carduus,tenuiflorus
JUOC,Slender juncus,Juncus,occidentalis
PEEX,Slender pentachaeta,Pentachaeta,exilis
MIGR,Slender phlox,Microsteris,gracilis
PLTE,Slender popcorn flower,Plagiobothrys,tenellus
JUTE,Slender rush,Juncus,tenuis
SOTE,Slender sow thistle,Sonchus,tenerrimus
TRGR,Slender tropidocarpum,Tropidocarpum,gracile
HESP,Slender western flax,Hesperolinon,spergulinum
ELTR,Slender wheatgrass,Elymus,trachycaulus
EPCI,Slender willow herb,Epilobium,ciliatum
PSTE,Slender woolly heads,Psilocarphus,tenellus
AVBA,Slim oat,Avena,barbata
SCBI,Slink pod,Scoliopus,bigelovii
CAOB,Slough sedge,Carex,obnupta
CASU,Small bract sedge,Carex,subbracteata
MEMI,Small bur clover,Medicago,minima
FEMI,Small fescue,Festuca,microstachys
HEMI,Small flower western flax,Hesperolinon,micranthum
CRMI,Small flowered cryptantha,Cryptantha,micromeres
GEPU,Small flowered geranium,Geranium,pusillum
MENO,Small flowered iceplant,Mesembryanthemum,nodiflorum
ACMI,Small flowered lotus,Acmispon,micranthus
MEDE,Small flowered meconella,Meconella,denticulata
COSI,Small flowered morning glory,Convolvulus,simulans
NEPA,Small flowered nemophila,Nemophila,parviflora
TOMI,Small flowered star lily,Toxicoscordion,micranthum
MEMI,Small flowered stickleaf,Mentzelia,micrantha
TOTE,Small flowered tonella,Tonella,tenella
SCMI,Small fruited bulrush,Scirpus,microcarpus
TRMI,Small head clover,Trifolium,microcephalum
TRFL,Small leaf spiderwort,Tradescantia,fluminensis
LOPA,Small leaved lomatium,Lomatium,parvifolium
ERMI,Small leaved monkeyflower,Erythranthe,microphylla
POPU,Small pondweed,Potamogeton,pusillus
ELPA,Small spikerush,Eleocharis,parvula
MAEX,Small tarweed,Madia,exigua
APNO,Smallage,Apium,nodiflorum
LEMI,Smaller duckweed,Lemna,minor
STMI,Smilo grass,Stipa,miliacea
EPCA,Smooth boisduvalia,Epilobium,campestre
BRIN,Smooth brome,Bromus,inermis
HYGL,Smooth cats ear,Hypochaeris,glabra
DIIS,Smooth crabgrass,Digitaria,ischaemum
CACR,Smooth distaff thistle,Carthamus,creticus
LAGL,Smooth goldfields,Lasthenia,glaberrima
CRCA,Smooth hawksbeard,Crepis,capillaris
LEMI,Smooth lessingia,Lessingia,micradenia
WYGL,Smooth mule ears,Wyethia,glabra
LACH,Smooth tidy tips,Layia,chrysanthemoides
CAPU,Smooth western morning glory,Calystegia,purpurata
SPIN,Smutgrass,Sporobolus,indicus
MESC,Snail medick,Medicago,scutellata
HEPU,Sneezeweed,Helenium,puberulum
MIPI,Snouted monkey flower,Mimetanthe,pilosa
EUMA,Snow on the mountain,Euphorbia,marginata
SYAL,Snowberry,Symphoricarpos,albus
CHPO,Soap plant,Chlorogalum,pomeridianum
BRHO,Soft chess,Bromus,hordeaceus
SCTA,Softstem bulrush,Schoenoplectus,tabernaemontani
ARPA,Solomon's lily,Arum,palaestinum
ROSP,Sonoma rose,Rosa,spithamea
SASO,Sonoma sage,Salvia,sonomensis
SOBI,Sorghum,Sorghum,bicolor
SOSE,South american soliva,Soliva,sessilis
BRPS,Southern chinook brome,Bromus,pseudolaevipes
PEHE,Southern foothill penstemon,Penstemon,heterophyllus
STBU,Southern hedge nettle,Stachys,bullata
LOSU,Southern honeysuckle,Lonicera,subspicata
YUBA,Spanish bayonet,Yucca,baccata
SPJU,Spanish broom,Spartium,junceum
ACAM,Spanish lotus,Acmispon,americanus
AGRE,Spear leaved agoseris,Agoseris,retrorsa
ATPA,Spear oracle,Atriplex,patula
MESP,Spearmint,Mentha,spicata
VEAR,Speedwell,Veronica,arvensis
CAMI,Spencer primrose,Camissoniopsis,micrantha
CAOC,Spicebush,Calycanthus,occidentalis
ELMA,Spike rush,Eleocharis,macrostachya
ATDI,Spike saltbush,Atriplex,dioica
CEFI,Spikeweed,Centromadia,fitchii
SPOL,Spinach,Spinacia,oleracea
XASP,Spiny cocklebur,Xanthium,spinosum
JUAC,Spiny rush,Juncus,acutus
SOAS,Spiny sowthistle,Sonchus,asper
SASP,Splendid gilia,Saltugilia,splendens
CASP,Splendid mariposa,Calochortus,splendens
CATU,Split awn sedge,Carex,tumulicola
MEAR,Spotted burclover,Medicago,arabica
EUCH,Spotted eucrypta,Eucrypta,chrysanthemifolia
CEST,Spotted knapweed,Centaurea,stoebe
PEMA,Spotted ladysthumb,Persicaria,maculosa
EUMA,Spotted spurge,Euphorbia,maculata
DOCO,Spotted throat downingia,Downingia,concolor
LEFU,Sprangletop,Leptochloa,fusca
RIDI,Spreading gooseberry,Ribes,divaricatum
DEPA,Spreading larkspur,Delphinium,patens
PAJU,Spreading pellitory,Parietaria,judaica
CRMU,Spring gold,Crocidium,multicaule
LETE,Spring lessingia,Lessingia,tenuis
VISA,Spring vetch,Vicia,sativa
ANCO,Spurred snapdragon,Antirrhinum,cornutum
ELEL,Squirrel tail grass,Elymus,elymoides
ERGI,St. Catherine's lace,Eriogonum,giganteum
CEDI,Star-thistle,Centaurea,diluta
MAST,Starry false lily of the valley,Maianthemum,stellatum
LISI,Statice,Limonium,sinuatum
LIAC,Stemless mudwort,Limosella,acaulis
BRST,Sterile brome,Bromus,sterilis
BIFR,Sticktight,Bidens,frondosa
DRGL,Sticky cinquefoil,Drymocallis,glandulosa
LEPE,Sticky lessingia,Lessingia,pectinata
DIAU,Sticky monkeyflower,Diplacus,aurantiacus
SPMA,Sticky sand spurry,Spergularia,macrotheca
STPA,Stiff branched stephanomeria,Stephanomeria,paniculata
LEST,Stillman's coreopsis,Leptosyne,stillmanii
LUHI,Stinging lupine,Lupinus,hirsutissimus
URDI,Stinging nettle,Urtica,dioica
PHMA,Stinging phacelia,Phacelia,malvifolia
ERCI,Stinkgrass,Eragrostis,cilianensis
CHVU,Stinking goosefoot,Chenopodium,vulvaria
IRFO,Stinking iris,Iris,foetidissima
ONPI,Stinknet,Oncosiphon,pilulifer
DIGR,Stinkwort,Dittrichia,graveolens
HOST,Stipulate lotus,Hosackia,stipularis
TRFR,Strawberry clover,Trifolium,fragiferum
EPGI,Stream orchid,Epipactis,gigantea
VIGL,Stream violet,Viola,glabella
ACST,Strigose lotus,Acmispon,strigosus
COST,Striped coral root,Corallorhiza,striata
BORO,Sturdy bullrush,Bolboschoenus,robustus
TRSU,Subterranean clover,Trifolium,subterraneum
RHOV,Sugar bush,Rhus,ovata
TITR,Sugar scoop,Tiarella,trifoliata
SYLE,Suisun marsh aster,Symphyotrichum,lentum
ERUM,Sulphur buckwheat,Eriogonum,umbellatum
PORE,Sulphur cinquefoil,Potentilla,recta
COMA,Summer coral root,Corallorhiza,maculata
COMA,Summer coralroot,Corallorhiza,maculata
LEAE,Summer snowflake,Leucojum,aestivum
TAOV,Sun cup,Taraxia,ovata
CRSC,Swamp grass,Crypsis,schoenoides
ALVA,Swamp onion,Allium,validum
LOMA,Sweet alyssum,Lobularia,maritima
HYAN,Sweet amber,Hypericum,androsaemum
ARAN,Sweet annie,Artemisia,annua
OCBA,Sweet basil,Ocimum,basilicum
GATR,Sweet bedstraw,Galium,triflorum
OSBE,Sweet cicely,Osmorhiza,berteroi
LALA,Sweet pea,Lathyrus,latifolius
PHSU,Sweet scented phacelia,Phacelia,suaveolens
MISY,Sylvan scorzonella,Microseris,sylvatica
ANOR,Syrian snapdragon,Antirrhinum,orontium
PYKO,Taiwan firethorn,Pyracantha,koidzumii
BRGR,Tall brome,Bromus,grandis
CYER,Tall cyperus,Cyperus,eragrostis
AREL,Tall oatgrass,Arrhenatherum,elatius
ELPO,Tall wheat grass,Elymus,ponticus
FRFA,Talus fritillary,Fritillaria,falcata
TAPA,Tamarisk,Tamarix,parviflora
LATI,Tangier pea,Lathyrus,tingitanus
NODE,Tanoak,Notholithocarpus,densiflorus
PHTA,Tansy leafed phacelia,Phacelia,tanacetifolia
SEJA,Tansy ragwort,Senecio,jacobaea
ERAC,Taper tipped cupgrass,Eriochloa,acuminata
ARDR,Tarragon,Artemisia,dracunculus
DYPU,Tasmanian goosefoot,Dysphania,pumilio
PLFU,Tawny popcorn flower,Plagiobothrys,fulvus
CRMI,Tejon cryptantha,Cryptantha,microstachys
HEGR,Telegraph weed,Heterotheca,grandiflora
CAFO,Texas paintbrush,Castilleja,foliolosa
RUPA,Thimbleberry,Rubus,parviflorus
HACY,Thin tail,Hainardia,cylindrica
AGAD,Thoroughwort,Ageratina,adenophora
ERFO,Thread stemmed fleabane,Erigeron,foliosus
LYTR,Three bracted loosestrife,Lythrum,tribracteatum
SOVE,Threenerve goldenrod,Solidago,velutina
DELO,Threeray tarweed,Deinandra,lobbii
POSE,Thyme leaf mesa mint,Pogogyne,serpylloides
EUSE,Thyme-leafed spurge,Euphorbia,serpillifolia
VESE,Thymeleaf speedwell,Veronica,serpyllifolia
ERLU,Tiburon buckwheat,Eriogonum,luteolum
CAAF,Tiburon paintbrush,Castilleja,affinis
LAPL,Tidy tips,Layia,platyglossa
GAMU,Tiny bedstraw,Galium,murale
PEAL,Tiny pygmy daisy,Pentachaeta,alsinoides
JUBU,Toad rush,Juncus,bufonius
CEME,Tocalote,Centaurea,melitensis
PHPH,Tomatillo,Physalis,philadelphica
LYES,Tomato,Lycopersicon,esculentum
TRWI,Tomcat clover,Trifolium,willdenovii
DOCU,Toothed downingia,Downingia,cuspidata
RUUT,Toothed willow dock,Rumex,utahensis
CANU,Torrent sedge,Carex,nudata
CRTO,Torrey's cryptantha,Cryptantha,torreyana
THFE,Torrey's meadow rue,Thalictrum,fendleri
METO,Torrey's melica,Melica,torreyana
TUGL,Tower rockcress,Turritis,glabra
HEAR,Toyon,Heteromeles,arbutifolia
ERTR,Tracy's eriastrum,Eriastrum,tracyi
ADBI,Trail plant,Adenocaulon,bicolor
SADE,Trailing pearlwort,Sagina,decumbens
AEAR,Tree aenium,Aeonium,arboreum
TRCI,Tree clover,Trifolium,ciliolatum
CYPR,Tree lucerne,Cytisus,proliferus
MAAR,Tree mallow,Malva,arborea
NIGL,Tree tobacco,Nicotiana,glauca
LEBI,True babystars,Leptosiphon,bicolor
ESCA,Tufted eschscholzia,Eschscholzia,caespitosa
DECE,Tufted hair grass,Deschampsia,cespitosa
ERPE,Tufted lovegrass,Eragrostis,pectinacea
MADA,Tujunga bushmallow,Malacothamnus,davidsonii
LAJE,Tule pea,Lathyrus,jepsonii
SCAC,Tule,Schoenoplectus,acutus
SIAL,Tumble mustard,Sisymbrium,altissimum
AMAL,Tumbleweed,Amaranthus,albus
OPFI,Tuna,Opuntia,ficus-indica
SATU,Turkey pea,Sanicula,tuberosa
CRSE,Turkey-mullein,Croton,setiger
BRRA,Turnip,Brassica,rapa
STVI,Twiggy wreath plant,Stephanomeria,virgata
FRDI,Two petaled ash,Fraxinus,dipetala
DEUM,Umbrella larkspur,Delphinium,umbraculorum
CYIN,Umbrella plant,Cyperus,involucratus
ERIN,Unarmed buckwheat,Eriogonum,inerme
UNUN,Unknown,Unknown,Unknown
EURI,Upright myrtle spurge,Euphorbia,rigida
EHER,Upright veldt grass,Ehrharta,erecta
APVA,Valley broom rape,Aphyllon,vallicolum
PLCA,Valley popcorn,Plagiobothrys,canescens
PLCA,Valley popcornflower,Plagiobothrys,canescens
CABA,Valley sedge,Carex,barbarae
LUNA,Valley sky lupine,Lupinus,nanus
TRMI,Valparaiso clover,Trifolium,microdon
AQEX,Van Houtte's columbine,Aquilegia,eximia
CHGL,Variable fruited yellow chaenactis,Chaenactis,glabriuscula
LEPA,Variable linanthus,Leptosiphon,parviflorus
COHE,Varied leaved collomia,Collomia,heterophylla
TRVA,Variegated clover,Trifolium,variegatum
PAUR,Vasey's grass,Paspalum,urvillei
LEOB,Veiny pepper grass,Lepidium,oblongum
TRBI,Venus looking glass,Triodanis,biflora
CIOC,Venus thistle,Cirsium,occidentale
GISP,Venus' looking glass,Githopsis,specularioides
VELA,Vervain,Verbena,lasiostachys
SPVI,Villous sand spurry,Spergularia,villosa
VIMA,Vinca,Vinca,major
ARDE,Vine hill manzanita,Arctostaphylos,densiflora
TRLA,Vinegarweed,Trichostema,lanceolatum
ALVI,Vineyard onion,Allium,vineale
CLPA,Virgin's bower,Clematis,pauciflora
PAQU,Virginia creeper,Parthenocissus,quinquefolia
SADE,Virginia glasswort,Salicornia,depressa
ELRO,Walking sedge,Eleocharis,rostellata
GAPA,Wall bedstraw,Galium,parisiense
FUMU,Wall fumitory,Fumaria,muralis
ERCA,Wallflower,Erysimum,capitatum
CLMO,Waltham Creek clarkia,Clarkia,modesta
ERRO,Wand buckwheat,Eriogonum,roseum
VEVI,Wand mullein,Verbascum,virgatum
CEPA,Wartleaf ceanothus,Ceanothus,papillosus
EUHE,Wartweed,Euphorbia,helioscopia
POVI,Water beard grass,Polypogon,viridis
NYPE,Water fringe,Nymphoides,peltata
MYSP,Water milfoil,Myriophyllum,spicatum
MEAQ,Water mint,Mentha,aquatica
MOFO,Water montia,Montia,fontana
OESA,Water parsley,Oenanthe,sarmentosa
ALLA,Water plantain,Alisma,lanceolatum
PEAM,Water smartweed,Persicaria,amphibia
VEAN,Water speedwell,Veronica,anagallis-aquatica
CAHE,Water starwort,Callitriche,heterophylla
NAOF,Watercress,Nasturtium,officinale
MAWA,Watson's wild cucumber,Marah,watsonii
CAAP,Wavy leaf  paintbrush,Castilleja,applegatei
CEFO,Wavy leaved ceanothus,Ceanothus,foliosus
OESI,Wavy-leaved gaura,Oenothera,sinuosa
LEPI,Wayside pepper grass,Lepidium,pinnatifidum
POIN,Weak blue grass,Poa,infirma
SOEL,West coast canada goldenrod,Solidago,elongata
RHOC,Western azalea,Rhododendron,occidentale
MAAR,Western bewildering bushmallow,Malacothamnus,arcuatus
IRMI,Western blue flag,Iris,missouriensis
BOOC,Western boykinia,Boykinia,occidentalis
EUOC,Western burning bush,Euonymus,occidentalis
RAOC,Western buttercup,Ranunculus,occidentalis
PRVI,Western choke cherry,Prunus,virginiana
PEFR,Western coltsfoot,Petasites,frigidus
ENOC,Western false rue anemone,Enemion,occidentale
FEOC,Western fescue,Festuca,occidentalis
CUPE,Western field dodder,Cuscuta,pentagona
EUOC,Western goldenrod,Euthamia,occidentalis
CROC,Western hawk's beard,Crepis,occidentalis
VIOC,Western heart's ease,Viola,ocellata
CASE,Western hedge bindweed,Calystegia,sepium
SPPO,Western ladies tresses,Spiranthes,porrifolia
DEHE,Western larkspur,Delphinium,hesperium
DIOC,Western leatherwood,Dirca,occidentalis
LUFO,Western lupine,Lupinus,formosus
SYSP,Western mountain aster,Symphyotrichum,spathulatum
OPXO,Western prickly pear,Opuntia,Xoccidentalis
CEOC,Western redbud,Cercis,occidentalis
SEVE,Western sea purslane,Sesuvium,verrucosum
HETE,Western stinging nettle,Hesperocnide,tenella
CIOC,Western thistle,Cirsium,occidentale
VELA,Western vervain,Verbena,lasiostachys
TROV,Western wakerobin,Trillium,ovatum
CIDO,Western water hemlock,Cicuta,douglasii
HYOC,Western waterleaf,Hydrophyllum,occidentale
LECI,Whiskerbrush,Leptosiphon,ciliatus
EMPE,Whispering bells,Emmenanthe,penduliflora
RULE,White bark raspberry,Rubus,leucodermis
COBA,White chinese houses,Collinsia,bartsiifolia
TRRE,White clover,Trifolium,repens
COBA,White collinsia,Collinsia,bartsiifolia
CAAL,White fairy lantern,Calochortus,albus
MEOR,White fairypoppy,Meconella,oregana
PHME,White fiesta flower,Pholistoma,membranaceum
HIAL,White flowered hawkweed,Hieracium,albiflorum
ALTR,White flowered onion,Allium,triquetrum
ALNE,White garlic,Allium,neapolitanum
MAVU,White horehound,Marrubium,vulgare
STAL,White jewelflower,Streptanthus,albidus
SIAL,White mustard,Sinapis,alba
SOAM,White nightshade,Solanum,americanum
FUCA,White ramping fumitory,Fumaria,capreolata
ERBR,White stemmed filaree,Erodium,brachycarpum
MEAL,White sweetclover,Melilotus,albus
PYPI,White veined shinleaf,Pyrola,picta
RAAQ,white water butter cup,Ranunculus,aquatilis
RAAQ,White water butter cup,Ranunculus,aquatilis
WYHE,Whitehead wyethia,Wyethia,helenioides
ERMO,Whitestem filaree,Erodium,moschatum
LEDR,Whitetop,Lepidium,draba
DRVE,Whitlow grass,Draba,verna
ERLU,Wicker buckwheat,Eriogonum,luteolum
ERVI,Wicker stemmed eriogonum,Eriogonum,vimineum
MYLA,Wide leaved forget me not,Myosotis,latifolia
CAWI,Wight's paintbrush,Castilleja,wightii
DAPU,Wild carrot,Daucus,pusillus
APAN,Wild celery,Apiastrum,angustifolium
GEDI,Wild geranium,Geranium,dissectum
SIMA,Wild hollyhock,Sidalcea,malviflora
TRHY,Wild hyacinth,Triteleia,hyacinthina
GAMO,Wild madder,Galium,mollugo
AVSA,Wild oat,Avena,sativa
ALFI,Wild onion,Allium,fimbriatum
VITR,Wild pansy,Viola,tricolor
TONO,Wild parsley,Torilis,nodosa
LEVI,Wild pepper grass,Lepidium,virginicum
PEPA,Wild petunia,Petunia,parviflora
FRVE,Wild strawberry,Fragaria,vesca
DIFU,Wild teasel,Dipsacus,fullonum
AVFA,Wildoats,Avena,fatua
RUTR,Willow dock,Rumex,transitorius
CLEP,Willow herb clarkia,Clarkia,epilobioides
EPBR,Willow herb,Epilobium,brachycarpum
RUSA,Willow leaved dock,Rumex,salicifolius
LASA,Willow lettuce,Lactuca,saligna
PAHE,Wind poppy,Papaver,heterophyllum
PEDU,Windmill pink,Petrorhagia,dubia
PEPE,Winged pectocarya,Pectocarya,penicillata
CAMA,Winged water starwort,Callitriche,marginata
BAOR,Winter cress,Barbarea,orthoceras
BAVE,Wintercress,Barbarea,verna
JUBA,Wire rush,Juncus,balticus
RILE,Wire weed,Rigiopappus,leptocladus
ANVE,Wiry snapdragon,Antirrhinum,vexillocalyculatum
MIJA,Wishbone bush,Mirabilis,jalapa
ROGY,Wood rose,Rosa,gymnocarpa
CLUN,Woodland clarkia,Clarkia,unguiculata
SESY,Woodland groundsel,Senecio,sylvaticus
LAGA,Woodland layia,Layia,gaillardioides
ANMA,Woodland madia,Anisocarpus,madioides
MOGR,Woodland monolopia,Monolopia,gracilens
LIHE,Woodland star,Lithophragma,heterophyllum
PHNE,Woods phacelia,Phacelia,nemoralis
ANTO,Woolly angelica,Angelica,tomentosa
TRLA,Woolly bluecurls,Trichostema,lanatum
COPA,Woolly cotoneaster,Cotoneaster,pannosus
CALA,Woolly distaff thistle,Carthamus,lanatus
ANFI,Woolly fishhooks,Ancistrocarphus,filagineus
AGHI,Woolly goat chicory,Agoseris,hirsuta
LEHO,Woolly headed lessingia,Lessingia,hololeuca
PSBR,Woolly heads,Psilocarphus,brevissimus
STBY,Woolly hedgenettle,Stachys,byzantina
ARTO,Woolly leaf manzanita,Arctostaphylos,tomentosa
MAFL,Woolly malacothrix,Malacothrix,floccifera
PSBR,Woolly marbles,Psilocarphus,brevissimus
VETH,Woolly mullein,Verbascum,thapsus
ERLA,Wooly sunflower,Eriophyllum,lanatum
ERWR,Wright s buckwheat,Eriogonum,wrightii
ERWR,Wright's buckwheat,Eriogonum,wrightii
PSMI,Wright's cudweed,Pseudognaphalium,microcephalum
PEKE,Yampah,Perideridia,kelloggii
ERLA,Yarrow leaved woolly sunflower,Eriophyllum,lanatum
ACMI,Yarrow,Achillea,millefolium
PHRA,Yellow broom rape,Phelipanche,ramosa
GLFL,Yellow horned poppy,Glaucium,flavum
PORA,Yellow knotweed,Polygonum,ramosissimum
CALU,Yellow mariposa,Calochortus,luteus
SAAR,Yellow mats,Sanicula,arctopoides
LAGL,Yellow rayed goldfields,Lasthenia,glabrata
BAVU,Yellow rocket,Barbarea,vulgaris
CESO,Yellow starthistle,Centaurea,solstitialis
MEOF,Yellow sweetclover,Melilotus,officinalis
DEPI,Yellow tansy mustard,Descurainia,pinnata
IRPS,Yellowflag iris,Iris,pseudacorus
CLDO,Yerba buena,Clinopodium,douglasii
ANCA,Yerba mansa,Anemopsis,californica
ERCA,Yerba santa,Eriodictyon,californicum